"SAMPLE_ID","ChromosomeID","ChromosomeLocation","MutantCode"
"TCGA-KL-8323-01A-21D-2310-10","10",16967262,"A"
"TCGA-KL-8323-01A-21D-2310-10","10",89711966,"C"
"TCGA-KL-8323-01A-21D-2310-10","1",178421771,"T"
"TCGA-KL-8323-01A-21D-2310-10","1",228548164,"A"
"TCGA-KL-8323-01A-21D-2310-10","15",81295653,"A"
"TCGA-KL-8323-01A-21D-2310-10","15",88727494,"A"
"TCGA-KL-8323-01A-21D-2310-10","16",88499219,"A"
"TCGA-KL-8323-01A-21D-2310-10","17",7462433,"T"
"TCGA-KL-8323-01A-21D-2310-10","19",13476272,"T"
"TCGA-KL-8323-01A-21D-2310-10","3",71804279,"A"
"TCGA-KL-8323-01A-21D-2310-10","5",93076393,"C"
"TCGA-KL-8323-01A-21D-2310-10","9",140327707,"A"
"TCGA-KL-8323-01A-21D-2310-10","9",77681741,"T"
"TCGA-KL-8323-01A-21D-2310-10","X",36117961,"T"
"TCGA-KL-8323-01A-21D-2310-10","X",41002593,"G"
"TCGA-KL-8324-01A-11D-2310-10","11",65350193,"T"
"TCGA-KL-8324-01A-11D-2310-10","1",173506159,"T"
"TCGA-KL-8324-01A-11D-2310-10","1",24484160,"A"
"TCGA-KL-8324-01A-11D-2310-10","15",38773557,"T"
"TCGA-KL-8324-01A-11D-2310-10","16",31283282,"G"
"TCGA-KL-8324-01A-11D-2310-10","16",89349348,"T"
"TCGA-KL-8324-01A-11D-2310-10","17",45232055,"T"
"TCGA-KL-8324-01A-11D-2310-10","17",7578280,"A"
"TCGA-KL-8324-01A-11D-2310-10","20",36859706,"T"
"TCGA-KL-8324-01A-11D-2310-10","2",197106878,"T"
"TCGA-KL-8324-01A-11D-2310-10","22",38621520,"C"
"TCGA-KL-8324-01A-11D-2310-10","4",186560084,"A"
"TCGA-KL-8324-01A-11D-2310-10","4",187527260,"T"
"TCGA-KL-8324-01A-11D-2310-10","4",81124587,"C"
"TCGA-KL-8324-01A-11D-2310-10","6",152652931,"G"
"TCGA-KL-8324-01A-11D-2310-10","8",99440360,"A"
"TCGA-KL-8325-01A-11D-2310-10","1",170993854,"T"
"TCGA-KL-8325-01A-11D-2310-10","12",2783696,"T"
"TCGA-KL-8325-01A-11D-2310-10","14",68052685,"A"
"TCGA-KL-8325-01A-11D-2310-10","15",101427815,"A"
"TCGA-KL-8325-01A-11D-2310-10","16",69148916,"A"
"TCGA-KL-8325-01A-11D-2310-10","17",43215198,"A"
"TCGA-KL-8325-01A-11D-2310-10","18",72238436,"A"
"TCGA-KL-8325-01A-11D-2310-10","19",9578613,"T"
"TCGA-KL-8325-01A-11D-2310-10","20",62839675,"A"
"TCGA-KL-8325-01A-11D-2310-10","2",206605324,"T"
"TCGA-KL-8325-01A-11D-2310-10","5",64023984,"A"
"TCGA-KL-8325-01A-11D-2310-10","7",208958,"T"
"TCGA-KL-8325-01A-11D-2310-10","7",33028128,"A"
"TCGA-KL-8325-01A-11D-2310-10","7",76144557,"G"
"TCGA-KL-8325-01A-11D-2310-10","9",103004868,"T"
"TCGA-KL-8326-01A-11D-2310-10","11",103153739,"A"
"TCGA-KL-8326-01A-11D-2310-10","11",113934295,"T"
"TCGA-KL-8326-01A-11D-2310-10","2",100038086,"T"
"TCGA-KL-8326-01A-11D-2310-10","2",102000023,"T"
"TCGA-KL-8326-01A-11D-2310-10","3",8809619,"T"
"TCGA-KL-8326-01A-11D-2310-10","5",126776527,"A"
"TCGA-KL-8326-01A-11D-2310-10","9",128246857,"G"
"TCGA-KL-8326-01A-11D-2310-10","X",139038874,"A"
"TCGA-KL-8326-01A-11D-2310-10","X",44703528,"T"
"TCGA-KL-8326-01A-11D-2310-10","X",68382228,"A"
"TCGA-KL-8327-01A-11D-2310-10","10",103899427,"A"
"TCGA-KL-8327-01A-11D-2310-10","1",155221684,"A"
"TCGA-KL-8327-01A-11D-2310-10","17",9808240,"A"
"TCGA-KL-8327-01A-11D-2310-10","18",56202992,"C"
"TCGA-KL-8327-01A-11D-2310-10","19",51169881,"A"
"TCGA-KL-8327-01A-11D-2310-10","20",3730674,"G"
"TCGA-KL-8327-01A-11D-2310-10","5",149460495,"T"
"TCGA-KL-8327-01A-11D-2310-10","X",23874422,"C"
"TCGA-KL-8328-01A-11D-2310-10","10",124457697,"G"
"TCGA-KL-8328-01A-11D-2310-10","1",47685487,"T"
"TCGA-KL-8328-01A-11D-2310-10","15",100250958,"C"
"TCGA-KL-8328-01A-11D-2310-10","15",69079816,"A"
"TCGA-KL-8328-01A-11D-2310-10","1",61869880,"A"
"TCGA-KL-8328-01A-11D-2310-10","19",34712450,"G"
"TCGA-KL-8328-01A-11D-2310-10","4",1729580,"T"
"TCGA-KL-8328-01A-11D-2310-10","5",177421251,"T"
"TCGA-KL-8328-01A-11D-2310-10","5",178506374,"A"
"TCGA-KL-8328-01A-11D-2310-10","6",151673069,"T"
"TCGA-KL-8328-01A-11D-2310-10","6",159660825,"A"
"TCGA-KL-8328-01A-11D-2310-10","7",150932432,"T"
"TCGA-KL-8328-01A-11D-2310-10","7",73020310,"A"
"TCGA-KL-8328-01A-11D-2310-10","7",98254299,"G"
"TCGA-KL-8328-01A-11D-2310-10","9",107367649,"C"
"TCGA-KL-8328-01A-11D-2310-10","9",2056812,"A"
"TCGA-KL-8328-01A-11D-2310-10","X",15657840,"G"
"TCGA-KL-8329-01A-11D-2310-10","10",64415147,"T"
"TCGA-KL-8329-01A-11D-2310-10","10",89717769,"A"
"TCGA-KL-8329-01A-11D-2310-10","1",10364647,"T"
"TCGA-KL-8329-01A-11D-2310-10","12",58022926,"T"
"TCGA-KL-8329-01A-11D-2310-10","17",7577594,"T"
"TCGA-KL-8329-01A-11D-2310-10","21",34134451,"T"
"TCGA-KL-8329-01A-11D-2310-10","21",47705096,"A"
"TCGA-KL-8329-01A-11D-2310-10","3",97888186,"G"
"TCGA-KL-8329-01A-11D-2310-10","5",140221090,"T"
"TCGA-KL-8329-01A-11D-2310-10","6",151671482,"G"
"TCGA-KL-8329-01A-11D-2310-10","6",36652171,"A"
"TCGA-KL-8329-01A-11D-2310-10","7",91851360,"C"
"TCGA-KL-8329-01A-11D-2310-10","9",100126382,"T"
"TCGA-KL-8329-01A-11D-2310-10","9",125377830,"T"
"TCGA-KL-8329-01A-11D-2310-10","9",127262905,"T"
"TCGA-KL-8329-01A-11D-2310-10","9",90502738,"T"
"TCGA-KL-8330-01A-11D-2310-10","11",102709283,"G"
"TCGA-KL-8330-01A-11D-2310-10","12",113303275,"G"
"TCGA-KL-8330-01A-11D-2310-10","12",21918737,"T"
"TCGA-KL-8330-01A-11D-2310-10","15",52562050,"A"
"TCGA-KL-8330-01A-11D-2310-10","2",27607890,"A"
"TCGA-KL-8330-01A-11D-2310-10","4",114275928,"T"
"TCGA-KL-8330-01A-11D-2310-10","4",69978239,"T"
"TCGA-KL-8330-01A-11D-2310-10","4",71588442,"A"
"TCGA-KL-8330-01A-11D-2310-10","6",56417258,"A"
"TCGA-KL-8330-01A-11D-2310-10","8",145661996,"T"
"TCGA-KL-8330-01A-11D-2310-10","9",88937294,"A"
"TCGA-KL-8330-01A-11D-2310-10","X",122759902,"A"
"TCGA-KL-8330-01A-11D-2310-10","X",135956574,"G"
"TCGA-KL-8330-01A-11D-2310-10","X",149764981,"G"
"TCGA-KL-8331-01A-11D-2310-10","10",124399735,"T"
"TCGA-KL-8331-01A-11D-2310-10","10",94071001,"T"
"TCGA-KL-8331-01A-11D-2310-10","12",53517645,"T"
"TCGA-KL-8331-01A-11D-2310-10","12",8759502,"T"
"TCGA-KL-8331-01A-11D-2310-10","13",28840991,"G"
"TCGA-KL-8331-01A-11D-2310-10","14",53175080,"G"
"TCGA-KL-8331-01A-11D-2310-10","16",69786144,"T"
"TCGA-KL-8331-01A-11D-2310-10","16",89650494,"A"
"TCGA-KL-8331-01A-11D-2310-10","20",57768140,"T"
"TCGA-KL-8331-01A-11D-2310-10","2",130832597,"A"
"TCGA-KL-8331-01A-11D-2310-10","2",166211041,"A"
"TCGA-KL-8331-01A-11D-2310-10","4",155529663,"A"
"TCGA-KL-8331-01A-11D-2310-10","7",121699937,"T"
"TCGA-KL-8331-01A-11D-2310-10","7",150921103,"T"
"TCGA-KL-8331-01A-11D-2310-10","7",5342510,"T"
"TCGA-KL-8331-01A-11D-2310-10","8",10467237,"T"
"TCGA-KL-8331-01A-11D-2310-10","X",132091342,"A"
"TCGA-KL-8331-01A-11D-2310-10","X",151303811,"A"
"TCGA-KL-8331-01A-11D-2310-10","X",152091354,"T"
"TCGA-KL-8332-01A-11D-2310-10","1",154842244,"T"
"TCGA-KL-8332-01A-11D-2310-10","1",22176895,"T"
"TCGA-KL-8332-01A-11D-2310-10","12",53449591,"G"
"TCGA-KL-8332-01A-11D-2310-10","16",50348998,"A"
"TCGA-KL-8332-01A-11D-2310-10","20",8770880,"A"
"TCGA-KL-8332-01A-11D-2310-10","2",131813240,"T"
"TCGA-KL-8332-01A-11D-2310-10","22",32831775,"T"
"TCGA-KL-8332-01A-11D-2310-10","2",38224599,"T"
"TCGA-KL-8332-01A-11D-2310-10","3",126220079,"T"
"TCGA-KL-8332-01A-11D-2310-10","3",37360554,"T"
"TCGA-KL-8332-01A-11D-2310-10","X",152159197,"A"
"TCGA-KL-8333-01A-11D-2310-10","11",6341681,"T"
"TCGA-KL-8333-01A-11D-2310-10","1",36643614,"A"
"TCGA-KL-8333-01A-11D-2310-10","17",56448329,"T"
"TCGA-KL-8333-01A-11D-2310-10","8",125074107,"T"
"TCGA-KL-8334-01A-11D-2310-10","12",100377920,"A"
"TCGA-KL-8334-01A-11D-2310-10","1",228582602,"G"
"TCGA-KL-8334-01A-11D-2310-10","16",2547069,"G"
"TCGA-KL-8334-01A-11D-2310-10","17",46654334,"A"
"TCGA-KL-8334-01A-11D-2310-10","17",48245013,"T"
"TCGA-KL-8334-01A-11D-2310-10","19",2207667,"T"
"TCGA-KL-8334-01A-11D-2310-10","3",124201729,"T"
"TCGA-KL-8335-01A-11D-2310-10","10",5254675,"T"
"TCGA-KL-8335-01A-11D-2310-10","10",64136341,"A"
"TCGA-KL-8335-01A-11D-2310-10","11",57886020,"A"
"TCGA-KL-8335-01A-11D-2310-10","11",62417411,"A"
"TCGA-KL-8335-01A-11D-2310-10","11",67022407,"T"
"TCGA-KL-8335-01A-11D-2310-10","1",171890935,"C"
"TCGA-KL-8335-01A-11D-2310-10","11",73360070,"A"
"TCGA-KL-8335-01A-11D-2310-10","12",20522512,"A"
"TCGA-KL-8335-01A-11D-2310-10","15",26825479,"T"
"TCGA-KL-8335-01A-11D-2310-10","15",73617514,"T"
"TCGA-KL-8335-01A-11D-2310-10","16",7383011,"A"
"TCGA-KL-8335-01A-11D-2310-10","17",7577018,"T"
"TCGA-KL-8335-01A-11D-2310-10","19",31770165,"A"
"TCGA-KL-8335-01A-11D-2310-10","19",37006030,"A"
"TCGA-KL-8335-01A-11D-2310-10","19",41628786,"A"
"TCGA-KL-8335-01A-11D-2310-10","19",56373450,"T"
"TCGA-KL-8335-01A-11D-2310-10","20",57767954,"T"
"TCGA-KL-8335-01A-11D-2310-10","21",39755470,"A"
"TCGA-KL-8335-01A-11D-2310-10","21",45987842,"T"
"TCGA-KL-8335-01A-11D-2310-10","22",40802519,"T"
"TCGA-KL-8335-01A-11D-2310-10","2",242178175,"C"
"TCGA-KL-8335-01A-11D-2310-10","2",85573123,"A"
"TCGA-KL-8335-01A-11D-2310-10","3",101573954,"T"
"TCGA-KL-8335-01A-11D-2310-10","3",113375944,"C"
"TCGA-KL-8335-01A-11D-2310-10","4",104101509,"C"
"TCGA-KL-8335-01A-11D-2310-10","5",145598649,"T"
"TCGA-KL-8335-01A-11D-2310-10","5",5489408,"T"
"TCGA-KL-8335-01A-11D-2310-10","6",119345242,"T"
"TCGA-KL-8335-01A-11D-2310-10","7",134617794,"T"
"TCGA-KL-8336-01A-11D-2310-10","10",75331190,"C"
"TCGA-KL-8336-01A-11D-2310-10","11",6477762,"A"
"TCGA-KL-8336-01A-11D-2310-10","12",52774146,"T"
"TCGA-KL-8336-01A-11D-2310-10","17",7578455,"G"
"TCGA-KL-8336-01A-11D-2310-10","18",28611062,"A"
"TCGA-KL-8336-01A-11D-2310-10","2",215812198,"T"
"TCGA-KL-8336-01A-11D-2310-10","6",39867902,"C"
"TCGA-KL-8336-01A-11D-2310-10","7",75228522,"G"
"TCGA-KL-8336-01A-11D-2310-10","7",87006732,"T"
"TCGA-KL-8336-01A-11D-2310-10","9",124089710,"C"
"TCGA-KL-8337-01A-11D-2310-10","11",2168965,"T"
"TCGA-KL-8337-01A-11D-2310-10","1",155002604,"G"
"TCGA-KL-8337-01A-11D-2310-10","16",2813651,"A"
"TCGA-KL-8337-01A-11D-2310-10","16",81077627,"A"
"TCGA-KL-8337-01A-11D-2310-10","19",56321650,"G"
"TCGA-KL-8337-01A-11D-2310-10","3",133099424,"A"
"TCGA-KL-8337-01A-11D-2310-10","6",42713337,"A"
"TCGA-KL-8337-01A-11D-2310-10","9",124751435,"T"
"TCGA-KL-8338-01A-11D-2310-10","1",22839532,"T"
"TCGA-KL-8338-01A-11D-2310-10","15",45707899,"A"
"TCGA-KL-8338-01A-11D-2310-10","17",48653145,"A"
"TCGA-KL-8338-01A-11D-2310-10","17",7577114,"T"
"TCGA-KL-8338-01A-11D-2310-10","19",55824239,"T"
"TCGA-KL-8338-01A-11D-2310-10","19",5679701,"A"
"TCGA-KL-8338-01A-11D-2310-10","2",86831681,"A"
"TCGA-KL-8338-01A-11D-2310-10","3",179336311,"C"
"TCGA-KL-8338-01A-11D-2310-10","4",73959889,"A"
"TCGA-KL-8338-01A-11D-2310-10","4",74863781,"T"
"TCGA-KL-8338-01A-11D-2310-10","7",80458056,"A"
"TCGA-KL-8338-01A-11D-2310-10","9",139231484,"T"
"TCGA-KL-8338-01A-11D-2310-10","X",147924508,"T"
"TCGA-KL-8339-01A-11D-2310-10","1",1391260,"T"
"TCGA-KL-8339-01A-11D-2310-10","11",626499,"T"
"TCGA-KL-8339-01A-11D-2310-10","12",41967467,"A"
"TCGA-KL-8339-01A-11D-2310-10","12",53073958,"G"
"TCGA-KL-8339-01A-11D-2310-10","14",24788628,"T"
"TCGA-KL-8339-01A-11D-2310-10","17",26941165,"C"
"TCGA-KL-8339-01A-11D-2310-10","17",4845935,"T"
"TCGA-KL-8339-01A-11D-2310-10","18",211193,"T"
"TCGA-KL-8339-01A-11D-2310-10","18",61654433,"A"
"TCGA-KL-8339-01A-11D-2310-10","19",46443970,"A"
"TCGA-KL-8339-01A-11D-2310-10","19",53856300,"A"
"TCGA-KL-8339-01A-11D-2310-10","2",11053758,"T"
"TCGA-KL-8339-01A-11D-2310-10","2",239147555,"G"
"TCGA-KL-8339-01A-11D-2310-10","3",46784475,"T"
"TCGA-KL-8339-01A-11D-2310-10","3",49755708,"A"
"TCGA-KL-8339-01A-11D-2310-10","3",73657758,"G"
"TCGA-KL-8339-01A-11D-2310-10","4",44177218,"G"
"TCGA-KL-8339-01A-11D-2310-10","5",134871070,"A"
"TCGA-KL-8339-01A-11D-2310-10","5",79039710,"A"
"TCGA-KL-8339-01A-11D-2310-10","6",133105219,"G"
"TCGA-KL-8339-01A-11D-2310-10","7",123254584,"C"
"TCGA-KL-8339-01A-11D-2310-10","9",133507382,"G"
"TCGA-KL-8340-01A-11D-2310-10","12",6777081,"T"
"TCGA-KL-8340-01A-11D-2310-10","19",50374973,"A"
"TCGA-KL-8340-01A-11D-2310-10","4",68357934,"T"
"TCGA-KL-8340-01A-11D-2310-10","5",140731460,"T"
"TCGA-KL-8340-01A-11D-2310-10","5",5464930,"G"
"TCGA-KL-8341-01A-11D-2310-10","1",1235261,"G"
"TCGA-KL-8341-01A-11D-2310-10","12",64436722,"A"
"TCGA-KL-8341-01A-11D-2310-10","12",88444148,"T"
"TCGA-KL-8341-01A-11D-2310-10","15",42742931,"T"
"TCGA-KL-8341-01A-11D-2310-10","15",62261606,"A"
"TCGA-KL-8341-01A-11D-2310-10","15",90784689,"A"
"TCGA-KL-8341-01A-11D-2310-10","16",1493884,"A"
"TCGA-KL-8341-01A-11D-2310-10","16",2113034,"T"
"TCGA-KL-8341-01A-11D-2310-10","1",6634949,"A"
"TCGA-KL-8341-01A-11D-2310-10","16",81242140,"A"
"TCGA-KL-8341-01A-11D-2310-10","17",40321548,"A"
"TCGA-KL-8341-01A-11D-2310-10","17",48184157,"C"
"TCGA-KL-8341-01A-11D-2310-10","17",7577064,"A"
"TCGA-KL-8341-01A-11D-2310-10","19",14164838,"A"
"TCGA-KL-8341-01A-11D-2310-10","20",48467342,"C"
"TCGA-KL-8341-01A-11D-2310-10","3",124692706,"G"
"TCGA-KL-8341-01A-11D-2310-10","4",843563,"T"
"TCGA-KL-8341-01A-11D-2310-10","5",141236865,"A"
"TCGA-KL-8341-01A-11D-2310-10","5",180276712,"A"
"TCGA-KL-8341-01A-11D-2310-10","5",92923831,"A"
"TCGA-KL-8341-01A-11D-2310-10","6",29323612,"A"
"TCGA-KL-8341-01A-11D-2310-10","6",31734079,"A"
"TCGA-KL-8341-01A-11D-2310-10","7",141672852,"A"
"TCGA-KL-8341-01A-11D-2310-10","7",5334542,"T"
"TCGA-KL-8341-01A-11D-2310-10","8",144550602,"A"
"TCGA-KL-8341-01A-11D-2310-10","X",77395087,"A"
"TCGA-KL-8342-01A-11D-2310-10","1",145687066,"A"
"TCGA-KL-8342-01A-11D-2310-10","1",24122442,"A"
"TCGA-KL-8342-01A-11D-2310-10","12",56491706,"A"
"TCGA-KL-8342-01A-11D-2310-10","15",33359287,"T"
"TCGA-KL-8342-01A-11D-2310-10","15",53997272,"G"
"TCGA-KL-8342-01A-11D-2310-10","16",67293560,"A"
"TCGA-KL-8342-01A-11D-2310-10","17",43531447,"G"
"TCGA-KL-8342-01A-11D-2310-10","X",129281737,"A"
"TCGA-KL-8342-01A-11D-2310-10","X",149638778,"T"
"TCGA-KL-8343-01A-11D-2310-10","10",73767938,"T"
"TCGA-KL-8343-01A-11D-2310-10","1",110168780,"T"
"TCGA-KL-8343-01A-11D-2310-10","1",203188924,"T"
"TCGA-KL-8343-01A-11D-2310-10","12",122672370,"T"
"TCGA-KL-8343-01A-11D-2310-10","14",24793320,"C"
"TCGA-KL-8343-01A-11D-2310-10","15",59368246,"T"
"TCGA-KL-8343-01A-11D-2310-10","17",42225428,"A"
"TCGA-KL-8343-01A-11D-2310-10","18",6978199,"A"
"TCGA-KL-8343-01A-11D-2310-10","2",103068475,"A"
"TCGA-KL-8343-01A-11D-2310-10","2",198358117,"A"
"TCGA-KL-8343-01A-11D-2310-10","2",226273811,"A"
"TCGA-KL-8343-01A-11D-2310-10","4",115544546,"G"
"TCGA-KL-8343-01A-11D-2310-10","5",31521319,"A"
"TCGA-KL-8343-01A-11D-2310-10","6",43020113,"G"
"TCGA-KL-8343-01A-11D-2310-10","7",127255519,"T"
"TCGA-KL-8343-01A-11D-2310-10","7",149486388,"T"
"TCGA-KL-8343-01A-11D-2310-10","8",144680424,"T"
"TCGA-KL-8344-01A-11D-2310-10","11",3114269,"T"
"TCGA-KL-8344-01A-11D-2310-10","12",122406016,"T"
"TCGA-KL-8344-01A-11D-2310-10","1",29189494,"A"
"TCGA-KL-8344-01A-11D-2310-10","14",19377804,"A"
"TCGA-KL-8344-01A-11D-2310-10","14",95579561,"C"
"TCGA-KL-8344-01A-11D-2310-10","17",15930770,"T"
"TCGA-KL-8344-01A-11D-2310-10","18",40850387,"C"
"TCGA-KL-8344-01A-11D-2310-10","19",50059875,"C"
"TCGA-KL-8344-01A-11D-2310-10","3",101540561,"G"
"TCGA-KL-8344-01A-11D-2310-10","4",113066760,"A"
"TCGA-KL-8344-01A-11D-2310-10","4",123160846,"A"
"TCGA-KL-8344-01A-11D-2310-10","6",109315685,"A"
"TCGA-KL-8344-01A-11D-2310-10","9",125616244,"G"
"TCGA-KL-8345-01A-11D-2310-10","10",37486216,"T"
"TCGA-KL-8345-01A-11D-2310-10","1",118596629,"T"
"TCGA-KL-8345-01A-11D-2310-10","1",196744041,"T"
"TCGA-KL-8345-01A-11D-2310-10","14",24773484,"A"
"TCGA-KL-8345-01A-11D-2310-10","1",49100247,"T"
"TCGA-KL-8345-01A-11D-2310-10","17",39963092,"G"
"TCGA-KL-8345-01A-11D-2310-10","19",35800935,"T"
"TCGA-KL-8345-01A-11D-2310-10","21",41514495,"A"
"TCGA-KL-8345-01A-11D-2310-10","2",171871451,"T"
"TCGA-KL-8345-01A-11D-2310-10","2",217559222,"T"
"TCGA-KL-8345-01A-11D-2310-10","22",37333576,"A"
"TCGA-KL-8345-01A-11D-2310-10","4",114276401,"A"
"TCGA-KL-8345-01A-11D-2310-10","4",126389910,"C"
"TCGA-KL-8345-01A-11D-2310-10","4",3417849,"A"
"TCGA-KL-8345-01A-11D-2310-10","4",56737009,"T"
"TCGA-KL-8345-01A-11D-2310-10","4",88535754,"T"
"TCGA-KL-8345-01A-11D-2310-10","6",116784510,"A"
"TCGA-KL-8345-01A-11D-2310-10","7",131189141,"A"
"TCGA-KL-8345-01A-11D-2310-10","7",158823446,"A"
"TCGA-KL-8345-01A-11D-2310-10","X",19854348,"T"
"TCGA-KL-8345-01A-11D-2310-10","X",70627428,"T"
"TCGA-KL-8346-01A-11D-2310-10","1",158436256,"A"
"TCGA-KL-8346-01A-11D-2310-10","11",61183901,"T"
"TCGA-KL-8346-01A-11D-2310-10","11",75152734,"A"
"TCGA-KL-8346-01A-11D-2310-10","1",32148832,"T"
"TCGA-KL-8346-01A-11D-2310-10","14",20898390,"T"
"TCGA-KL-8346-01A-11D-2310-10","1",47685621,"T"
"TCGA-KL-8346-01A-11D-2310-10","15",42113229,"C"
"TCGA-KL-8346-01A-11D-2310-10","17",73727413,"T"
"TCGA-KL-8346-01A-11D-2310-10","18",9954094,"A"
"TCGA-KL-8346-01A-11D-2310-10","4",39839775,"G"
"TCGA-KM-8438-01A-11D-2310-10","11",7324616,"A"
"TCGA-KM-8438-01A-11D-2310-10","17",11833188,"C"
"TCGA-KM-8438-01A-11D-2310-10","19",58879856,"A"
"TCGA-KM-8438-01A-11D-2310-10","22",41973907,"T"
"TCGA-KM-8438-01A-11D-2310-10","3",182631695,"T"
"TCGA-KM-8438-01A-11D-2310-10","3",47084094,"A"
"TCGA-KM-8438-01A-11D-2310-10","4",956357,"T"
"TCGA-KM-8438-01A-11D-2310-10","7",123302156,"A"
"TCGA-KM-8438-01A-11D-2310-10","7",127224826,"A"
"TCGA-KM-8438-01A-11D-2310-10","7",30739613,"T"
"TCGA-KM-8439-01A-11D-2310-10","17",44847153,"T"
"TCGA-KM-8439-01A-11D-2310-10","2",74007178,"A"
"TCGA-KM-8439-01A-11D-2310-10","6",133789819,"A"
"TCGA-KM-8440-01A-11D-2310-10","11",1643255,"A"
"TCGA-KM-8440-01A-11D-2310-10","11",61026257,"T"
"TCGA-KM-8440-01A-11D-2310-10","12",114261040,"T"
"TCGA-KM-8440-01A-11D-2310-10","13",41134356,"T"
"TCGA-KM-8440-01A-11D-2310-10","14",94524209,"A"
"TCGA-KM-8440-01A-11D-2310-10","16",15695994,"A"
"TCGA-KM-8440-01A-11D-2310-10","16",81213360,"T"
"TCGA-KM-8440-01A-11D-2310-10","21",42080523,"T"
"TCGA-KM-8440-01A-11D-2310-10","4",88379168,"C"
"TCGA-KM-8440-01A-11D-2310-10","5",145838641,"T"
"TCGA-KM-8441-01A-11D-2310-10","1",11187847,"G"
"TCGA-KM-8441-01A-11D-2310-10","11",35492290,"T"
"TCGA-KM-8441-01A-11D-2310-10","1",226027678,"C"
"TCGA-KM-8441-01A-11D-2310-10","1",47717422,"A"
"TCGA-KM-8441-01A-11D-2310-10","16",31393193,"A"
"TCGA-KM-8441-01A-11D-2310-10","17",48629513,"T"
"TCGA-KM-8442-01A-11D-2310-10","11",118111082,"A"
"TCGA-KM-8442-01A-11D-2310-10","11",50004015,"A"
"TCGA-KM-8442-01A-11D-2310-10","1",2268198,"T"
"TCGA-KM-8442-01A-11D-2310-10","19",40719458,"T"
"TCGA-KM-8442-01A-11D-2310-10","20",45170431,"A"
"TCGA-KM-8442-01A-11D-2310-10","4",5527059,"C"
"TCGA-KM-8442-01A-11D-2310-10","5",23521146,"A"
"TCGA-KM-8442-01A-11D-2310-10","9",18777867,"A"
"TCGA-KM-8442-01A-11D-2310-10","X",49084509,"A"
"TCGA-KM-8442-01A-11D-2310-10","X",70145693,"T"
"TCGA-KM-8443-01A-11D-2310-10","11",112101359,"G"
"TCGA-KM-8443-01A-11D-2310-10","12",133435693,"A"
"TCGA-KM-8443-01A-11D-2310-10","1",22207292,"A"
"TCGA-KM-8443-01A-11D-2310-10","13",23915268,"G"
"TCGA-KM-8443-01A-11D-2310-10","19",4557004,"A"
"TCGA-KM-8443-01A-11D-2310-10","19",8615207,"A"
"TCGA-KM-8443-01A-11D-2310-10","21",30331996,"T"
"TCGA-KM-8443-01A-11D-2310-10","22",37334203,"T"
"TCGA-KM-8443-01A-11D-2310-10","3",113890761,"A"
"TCGA-KM-8443-01A-11D-2310-10","3",184075816,"G"
"TCGA-KM-8443-01A-11D-2310-10","5",158526463,"T"
"TCGA-KM-8443-01A-11D-2310-10","5",56545266,"A"
"TCGA-KM-8443-01A-11D-2310-10","5",56545374,"A"
"TCGA-KM-8443-01A-11D-2310-10","5",71493836,"A"
"TCGA-KM-8443-01A-11D-2310-10","5",86675579,"A"
"TCGA-KM-8443-01A-11D-2310-10","5",9629359,"A"
"TCGA-KM-8443-01A-11D-2310-10","7",81641523,"T"
"TCGA-KM-8443-01A-11D-2310-10","8",60031454,"T"
"TCGA-KM-8443-01A-11D-2310-10","8",95264412,"T"
"TCGA-KM-8476-01A-11D-2310-10","1",152060616,"A"
"TCGA-KM-8476-01A-11D-2310-10","12",126137027,"T"
"TCGA-KM-8476-01A-11D-2310-10","16",82032717,"A"
"TCGA-KM-8476-01A-11D-2310-10","16",84793019,"A"
"TCGA-KM-8476-01A-11D-2310-10","17",10395792,"T"
"TCGA-KM-8476-01A-11D-2310-10","18",72114400,"T"
"TCGA-KM-8476-01A-11D-2310-10","20",33575696,"T"
"TCGA-KM-8476-01A-11D-2310-10","22",21800335,"G"
"TCGA-KM-8476-01A-11D-2310-10","22",39884300,"T"
"TCGA-KM-8476-01A-11D-2310-10","4",80327734,"T"
"TCGA-KM-8476-01A-11D-2310-10","6",12162043,"A"
"TCGA-KM-8476-01A-11D-2310-10","8",131922101,"A"
"TCGA-KM-8476-01A-11D-2310-10","9",134165625,"A"
"TCGA-KM-8476-01A-11D-2310-10","9",78749078,"T"
"TCGA-KM-8477-01A-11D-2310-10","10",129866455,"T"
"TCGA-KM-8477-01A-11D-2310-10","10",50533936,"A"
"TCGA-KM-8477-01A-11D-2310-10","10",69881358,"A"
"TCGA-KM-8477-01A-11D-2310-10","10",70426913,"G"
"TCGA-KM-8477-01A-11D-2310-10","11",121444978,"C"
"TCGA-KM-8477-01A-11D-2310-10","11",55762021,"A"
"TCGA-KM-8477-01A-11D-2310-10","11",71932761,"T"
"TCGA-KM-8477-01A-11D-2310-10","19",12296934,"C"
"TCGA-KM-8477-01A-11D-2310-10","19",33702229,"A"
"TCGA-KM-8477-01A-11D-2310-10","20",61386087,"T"
"TCGA-KM-8477-01A-11D-2310-10","2",84928427,"T"
"TCGA-KM-8477-01A-11D-2310-10","5",138209476,"G"
"TCGA-KM-8477-01A-11D-2310-10","5",612536,"T"
"TCGA-KM-8477-01A-11D-2310-10","6",30879492,"A"
"TCGA-KM-8477-01A-11D-2310-10","6",44243233,"A"
"TCGA-KM-8477-01A-11D-2310-10","7",129037098,"T"
"TCGA-KM-8477-01A-11D-2310-10","9",79324154,"T"
"TCGA-KM-8477-01A-11D-2310-10","X",47041266,"A"
"TCGA-KN-8418-01A-11D-2310-10","17",7578396,"T"
"TCGA-KN-8418-01A-11D-2310-10","21",32624307,"A"
"TCGA-KN-8418-01A-11D-2310-10","5",41045851,"T"
"TCGA-KN-8418-01A-11D-2310-10","7",1785380,"T"
"TCGA-KN-8419-01A-11D-2310-10","1",222721242,"T"
"TCGA-KN-8419-01A-11D-2310-10","12",52777475,"A"
"TCGA-KN-8419-01A-11D-2310-10","14",65245965,"T"
"TCGA-KN-8419-01A-11D-2310-10","18",60242420,"T"
"TCGA-KN-8419-01A-11D-2310-10","7",150171183,"T"
"TCGA-KN-8419-01A-11D-2310-10","7",155251201,"A"
"TCGA-KN-8421-01A-11D-2310-10","11",123886665,"A"
"TCGA-KN-8421-01A-11D-2310-10","11",64664265,"T"
"TCGA-KN-8421-01A-11D-2310-10","1",180945772,"C"
"TCGA-KN-8421-01A-11D-2310-10","13",41704863,"A"
"TCGA-KN-8421-01A-11D-2310-10","17",6510586,"T"
"TCGA-KN-8421-01A-11D-2310-10","2",136473266,"A"
"TCGA-KN-8421-01A-11D-2310-10","2",153573942,"A"
"TCGA-KN-8421-01A-11D-2310-10","3",113114596,"T"
"TCGA-KN-8421-01A-11D-2310-10","4",38798159,"T"
"TCGA-KN-8421-01A-11D-2310-10","8",143694490,"A"
"TCGA-KN-8422-01A-11D-2310-10","11",117214946,"T"
"TCGA-KN-8422-01A-11D-2310-10","1",158576392,"A"
"TCGA-KN-8422-01A-11D-2310-10","12",56565715,"T"
"TCGA-KN-8422-01A-11D-2310-10","13",20220943,"C"
"TCGA-KN-8422-01A-11D-2310-10","1",53676357,"G"
"TCGA-KN-8422-01A-11D-2310-10","19",52149193,"A"
"TCGA-KN-8422-01A-11D-2310-10","19",55450827,"A"
"TCGA-KN-8423-01A-11D-2310-10","17",7577566,"C"
"TCGA-KN-8423-01A-11D-2310-10","5",35957478,"T"
"TCGA-KN-8423-01A-11D-2310-10","7",123119977,"G"
"TCGA-KN-8424-01A-11D-2310-10","10",135346309,"C"
"TCGA-KN-8424-01A-11D-2310-10","1",113062943,"G"
"TCGA-KN-8424-01A-11D-2310-10","1",158056511,"A"
"TCGA-KN-8424-01A-11D-2310-10","1",158746533,"G"
"TCGA-KN-8424-01A-11D-2310-10","12",123282632,"T"
"TCGA-KN-8424-01A-11D-2310-10","12",62954344,"T"
"TCGA-KN-8424-01A-11D-2310-10","12",75895756,"T"
"TCGA-KN-8424-01A-11D-2310-10","14",31107412,"G"
"TCGA-KN-8424-01A-11D-2310-10","17",73826730,"T"
"TCGA-KN-8424-01A-11D-2310-10","18",56063457,"T"
"TCGA-KN-8424-01A-11D-2310-10","1",86954776,"T"
"TCGA-KN-8424-01A-11D-2310-10","19",1236022,"T"
"TCGA-KN-8424-01A-11D-2310-10","21",19770214,"T"
"TCGA-KN-8424-01A-11D-2310-10","2",212578299,"C"
"TCGA-KN-8424-01A-11D-2310-10","22",50187922,"T"
"TCGA-KN-8424-01A-11D-2310-10","3",38388378,"T"
"TCGA-KN-8424-01A-11D-2310-10","6",30672144,"A"
"TCGA-KN-8424-01A-11D-2310-10","6",44218791,"G"
"TCGA-KN-8424-01A-11D-2310-10","7",156437191,"G"
"TCGA-KN-8424-01A-11D-2310-10","7",47451335,"G"
"TCGA-KN-8424-01A-11D-2310-10","7",76828559,"A"
"TCGA-KN-8424-01A-11D-2310-10","8",144874055,"T"
"TCGA-KN-8424-01A-11D-2310-10","8",145617189,"A"
"TCGA-KN-8424-01A-11D-2310-10","X",135570529,"G"
"TCGA-KN-8424-01A-11D-2310-10","X",9905226,"G"
"TCGA-KN-8425-01A-11D-2310-10","12",117624289,"A"
"TCGA-KN-8425-01A-11D-2310-10","17",78866565,"T"
"TCGA-KN-8425-01A-11D-2310-10","19",55869902,"T"
"TCGA-KN-8425-01A-11D-2310-10","20",62121830,"C"
"TCGA-KN-8425-01A-11D-2310-10","4",86863259,"T"
"TCGA-KN-8425-01A-11D-2310-10","4",87967367,"T"
"TCGA-KN-8425-01A-11D-2310-10","6",39040661,"G"
"TCGA-KN-8425-01A-11D-2310-10","8",68152453,"A"
"TCGA-KN-8426-01A-11D-2310-10","10",33218830,"T"
"TCGA-KN-8426-01A-11D-2310-10","12",8618083,"A"
"TCGA-KN-8426-01A-11D-2310-10","16",21049160,"A"
"TCGA-KN-8426-01A-11D-2310-10","16",88889069,"C"
"TCGA-KN-8426-01A-11D-2310-10","17",42882018,"A"
"TCGA-KN-8426-01A-11D-2310-10","19",41003434,"G"
"TCGA-KN-8426-01A-11D-2310-10","19",44500350,"T"
"TCGA-KN-8426-01A-11D-2310-10","19",54875936,"T"
"TCGA-KN-8426-01A-11D-2310-10","19",8966765,"T"
"TCGA-KN-8426-01A-11D-2310-10","22",36697638,"T"
"TCGA-KN-8426-01A-11D-2310-10","3",151162874,"T"
"TCGA-KN-8426-01A-11D-2310-10","3",158363431,"T"
"TCGA-KN-8426-01A-11D-2310-10","5",118324112,"A"
"TCGA-KN-8426-01A-11D-2310-10","5",140250883,"T"
"TCGA-KN-8426-01A-11D-2310-10","5",149773014,"G"
"TCGA-KN-8426-01A-11D-2310-10","5",76326664,"T"
"TCGA-KN-8426-01A-11D-2310-10","6",89793802,"G"
"TCGA-KN-8426-01A-11D-2310-10","X",109696984,"T"
"TCGA-KN-8427-01A-11D-2310-10","10",63957976,"C"
"TCGA-KN-8427-01A-11D-2310-10","10",70702984,"C"
"TCGA-KN-8427-01A-11D-2310-10","11",132081945,"T"
"TCGA-KN-8427-01A-11D-2310-10","11",1466625,"A"
"TCGA-KN-8427-01A-11D-2310-10","1",152382811,"A"
"TCGA-KN-8427-01A-11D-2310-10","1",155036407,"T"
"TCGA-KN-8427-01A-11D-2310-10","1",158596633,"T"
"TCGA-KN-8427-01A-11D-2310-10","11",60198312,"G"
"TCGA-KN-8427-01A-11D-2310-10","1",160275563,"G"
"TCGA-KN-8427-01A-11D-2310-10","1",168066296,"T"
"TCGA-KN-8427-01A-11D-2310-10","1",171072967,"T"
"TCGA-KN-8427-01A-11D-2310-10","1",176709219,"C"
"TCGA-KN-8427-01A-11D-2310-10","1",197026583,"T"
"TCGA-KN-8427-01A-11D-2310-10","1",201934576,"C"
"TCGA-KN-8427-01A-11D-2310-10","12",53670499,"G"
"TCGA-KN-8427-01A-11D-2310-10","13",21557476,"T"
"TCGA-KN-8427-01A-11D-2310-10","1",34209065,"G"
"TCGA-KN-8427-01A-11D-2310-10","15",86808034,"A"
"TCGA-KN-8427-01A-11D-2310-10","17",11540080,"A"
"TCGA-KN-8427-01A-11D-2310-10","17",48154412,"G"
"TCGA-KN-8427-01A-11D-2310-10","17",72348987,"A"
"TCGA-KN-8427-01A-11D-2310-10","18",29122688,"T"
"TCGA-KN-8427-01A-11D-2310-10","19",17756839,"G"
"TCGA-KN-8427-01A-11D-2310-10","19",33113433,"T"
"TCGA-KN-8427-01A-11D-2310-10","19",56952705,"C"
"TCGA-KN-8427-01A-11D-2310-10","20",3172425,"A"
"TCGA-KN-8427-01A-11D-2310-10","20",61525220,"A"
"TCGA-KN-8427-01A-11D-2310-10","2",143713785,"G"
"TCGA-KN-8427-01A-11D-2310-10","2",149247532,"C"
"TCGA-KN-8427-01A-11D-2310-10","2",179644742,"C"
"TCGA-KN-8427-01A-11D-2310-10","2",20189771,"A"
"TCGA-KN-8427-01A-11D-2310-10","22",43565506,"T"
"TCGA-KN-8427-01A-11D-2310-10","4",109084842,"G"
"TCGA-KN-8427-01A-11D-2310-10","4",15964500,"T"
"TCGA-KN-8427-01A-11D-2310-10","4",164466780,"C"
"TCGA-KN-8427-01A-11D-2310-10","5",175306003,"T"
"TCGA-KN-8427-01A-11D-2310-10","5",94046552,"C"
"TCGA-KN-8427-01A-11D-2310-10","7",117876137,"T"
"TCGA-KN-8427-01A-11D-2310-10","7",76021323,"G"
"TCGA-KN-8427-01A-11D-2310-10","7",83590705,"T"
"TCGA-KN-8427-01A-11D-2310-10","8",104427572,"A"
"TCGA-KN-8427-01A-11D-2310-10","8",110530424,"C"
"TCGA-KN-8427-01A-11D-2310-10","8",113988244,"G"
"TCGA-KN-8427-01A-11D-2310-10","8",143958438,"T"
"TCGA-KN-8427-01A-11D-2310-10","9",27556771,"T"
"TCGA-KN-8427-01A-11D-2310-10","X",128886303,"T"
"TCGA-KN-8427-01A-11D-2310-10","X",136112626,"G"
"TCGA-KN-8428-01A-11D-2310-10","10",100177455,"A"
"TCGA-KN-8428-01A-11D-2310-10","10",105215188,"T"
"TCGA-KN-8428-01A-11D-2310-10","10",1175232,"A"
"TCGA-KN-8428-01A-11D-2310-10","10",124057337,"T"
"TCGA-KN-8428-01A-11D-2310-10","10",124172505,"T"
"TCGA-KN-8428-01A-11D-2310-10","10",129216676,"A"
"TCGA-KN-8428-01A-11D-2310-10","10",129901498,"A"
"TCGA-KN-8428-01A-11D-2310-10","10",50534403,"T"
"TCGA-KN-8428-01A-11D-2310-10","10",5827121,"A"
"TCGA-KN-8428-01A-11D-2310-10","10",70695777,"T"
"TCGA-KN-8428-01A-11D-2310-10","10",72324139,"T"
"TCGA-KN-8428-01A-11D-2310-10","10",73768163,"T"
"TCGA-KN-8428-01A-11D-2310-10","10",82269147,"T"
"TCGA-KN-8428-01A-11D-2310-10","10",95168570,"G"
"TCGA-KN-8428-01A-11D-2310-10","1",10713846,"A"
"TCGA-KN-8428-01A-11D-2310-10","1",109735386,"T"
"TCGA-KN-8428-01A-11D-2310-10","11",102987417,"A"
"TCGA-KN-8428-01A-11D-2310-10","11",111938616,"A"
"TCGA-KN-8428-01A-11D-2310-10","11",113187003,"A"
"TCGA-KN-8428-01A-11D-2310-10","11",1253980,"G"
"TCGA-KN-8428-01A-11D-2310-10","11",126135007,"A"
"TCGA-KN-8428-01A-11D-2310-10","11",18636542,"A"
"TCGA-KN-8428-01A-11D-2310-10","11",19170818,"A"
"TCGA-KN-8428-01A-11D-2310-10","11",34192538,"T"
"TCGA-KN-8428-01A-11D-2310-10","1",144879218,"T"
"TCGA-KN-8428-01A-11D-2310-10","11",4624492,"A"
"TCGA-KN-8428-01A-11D-2310-10","11",46911059,"A"
"TCGA-KN-8428-01A-11D-2310-10","1",150259023,"A"
"TCGA-KN-8428-01A-11D-2310-10","1",151339349,"A"
"TCGA-KN-8428-01A-11D-2310-10","1",153516294,"T"
"TCGA-KN-8428-01A-11D-2310-10","1",155629537,"G"
"TCGA-KN-8428-01A-11D-2310-10","1",155921539,"A"
"TCGA-KN-8428-01A-11D-2310-10","1",156814312,"T"
"TCGA-KN-8428-01A-11D-2310-10","1",159898623,"T"
"TCGA-KN-8428-01A-11D-2310-10","11",60689599,"T"
"TCGA-KN-8428-01A-11D-2310-10","1",161139815,"T"
"TCGA-KN-8428-01A-11D-2310-10","11",61511437,"T"
"TCGA-KN-8428-01A-11D-2310-10","11",61906227,"A"
"TCGA-KN-8428-01A-11D-2310-10","11",62286931,"A"
"TCGA-KN-8428-01A-11D-2310-10","1",162724541,"T"
"TCGA-KN-8428-01A-11D-2310-10","11",65744159,"T"
"TCGA-KN-8428-01A-11D-2310-10","1",167088687,"A"
"TCGA-KN-8428-01A-11D-2310-10","1",168282043,"A"
"TCGA-KN-8428-01A-11D-2310-10","11",72404807,"A"
"TCGA-KN-8428-01A-11D-2310-10","1",17664602,"A"
"TCGA-KN-8428-01A-11D-2310-10","11",7982431,"T"
"TCGA-KN-8428-01A-11D-2310-10","1",180135639,"A"
"TCGA-KN-8428-01A-11D-2310-10","1",182509444,"A"
"TCGA-KN-8428-01A-11D-2310-10","1",186289518,"T"
"TCGA-KN-8428-01A-11D-2310-10","11",89935620,"T"
"TCGA-KN-8428-01A-11D-2310-10","11",92086239,"C"
"TCGA-KN-8428-01A-11D-2310-10","11",94353042,"A"
"TCGA-KN-8428-01A-11D-2310-10","1",1956478,"T"
"TCGA-KN-8428-01A-11D-2310-10","11",9802030,"T"
"TCGA-KN-8428-01A-11D-2310-10","1",201060823,"A"
"TCGA-KN-8428-01A-11D-2310-10","1",205041226,"T"
"TCGA-KN-8428-01A-11D-2310-10","12",102164267,"A"
"TCGA-KN-8428-01A-11D-2310-10","12",109882246,"A"
"TCGA-KN-8428-01A-11D-2310-10","12",110390995,"T"
"TCGA-KN-8428-01A-11D-2310-10","12",113346548,"T"
"TCGA-KN-8428-01A-11D-2310-10","12",113825669,"A"
"TCGA-KN-8428-01A-11D-2310-10","12",12618601,"C"
"TCGA-KN-8428-01A-11D-2310-10","12",14976228,"T"
"TCGA-KN-8428-01A-11D-2310-10","1",21887145,"T"
"TCGA-KN-8428-01A-11D-2310-10","12",26581017,"C"
"TCGA-KN-8428-01A-11D-2310-10","1",227921193,"A"
"TCGA-KN-8428-01A-11D-2310-10","12",27933686,"A"
"TCGA-KN-8428-01A-11D-2310-10","1",236762781,"G"
"TCGA-KN-8428-01A-11D-2310-10","1",247587215,"A"
"TCGA-KN-8428-01A-11D-2310-10","1",248031300,"C"
"TCGA-KN-8428-01A-11D-2310-10","1",249211775,"C"
"TCGA-KN-8428-01A-11D-2310-10","12",49396782,"T"
"TCGA-KN-8428-01A-11D-2310-10","12",50025707,"T"
"TCGA-KN-8428-01A-11D-2310-10","12",50185655,"A"
"TCGA-KN-8428-01A-11D-2310-10","12",5020791,"T"
"TCGA-KN-8428-01A-11D-2310-10","12",52867039,"A"
"TCGA-KN-8428-01A-11D-2310-10","12",52910639,"A"
"TCGA-KN-8428-01A-11D-2310-10","12",53895879,"T"
"TCGA-KN-8428-01A-11D-2310-10","12",54333126,"A"
"TCGA-KN-8428-01A-11D-2310-10","12",56142583,"A"
"TCGA-KN-8428-01A-11D-2310-10","12",56648376,"A"
"TCGA-KN-8428-01A-11D-2310-10","12",57693939,"T"
"TCGA-KN-8428-01A-11D-2310-10","12",6471284,"T"
"TCGA-KN-8428-01A-11D-2310-10","12",7088722,"A"
"TCGA-KN-8428-01A-11D-2310-10","12",77222268,"G"
"TCGA-KN-8428-01A-11D-2310-10","12",8083895,"T"
"TCGA-KN-8428-01A-11D-2310-10","12",8757413,"T"
"TCGA-KN-8428-01A-11D-2310-10","12",8902463,"T"
"TCGA-KN-8428-01A-11D-2310-10","12",89992451,"T"
"TCGA-KN-8428-01A-11D-2310-10","12",95694384,"G"
"TCGA-KN-8428-01A-11D-2310-10","13",113530121,"A"
"TCGA-KN-8428-01A-11D-2310-10","1",31899552,"T"
"TCGA-KN-8428-01A-11D-2310-10","13",35733452,"G"
"TCGA-KN-8428-01A-11D-2310-10","13",41657033,"T"
"TCGA-KN-8428-01A-11D-2310-10","13",46287927,"T"
"TCGA-KN-8428-01A-11D-2310-10","13",73348179,"T"
"TCGA-KN-8428-01A-11D-2310-10","1",38227629,"A"
"TCGA-KN-8428-01A-11D-2310-10","1",38345781,"A"
"TCGA-KN-8428-01A-11D-2310-10","13",97484970,"T"
"TCGA-KN-8428-01A-11D-2310-10","1",39951259,"T"
"TCGA-KN-8428-01A-11D-2310-10","1",40125029,"A"
"TCGA-KN-8428-01A-11D-2310-10","14",100141822,"A"
"TCGA-KN-8428-01A-11D-2310-10","14",101350657,"T"
"TCGA-KN-8428-01A-11D-2310-10","14",102807759,"T"
"TCGA-KN-8428-01A-11D-2310-10","14",103568933,"A"
"TCGA-KN-8428-01A-11D-2310-10","14",104431775,"T"
"TCGA-KN-8428-01A-11D-2310-10","14",105416582,"T"
"TCGA-KN-8428-01A-11D-2310-10","1",42047504,"A"
"TCGA-KN-8428-01A-11D-2310-10","14",20854663,"A"
"TCGA-KN-8428-01A-11D-2310-10","14",21623218,"A"
"TCGA-KN-8428-01A-11D-2310-10","14",21834651,"A"
"TCGA-KN-8428-01A-11D-2310-10","14",23530539,"A"
"TCGA-KN-8428-01A-11D-2310-10","14",24877295,"A"
"TCGA-KN-8428-01A-11D-2310-10","14",24879316,"T"
"TCGA-KN-8428-01A-11D-2310-10","14",34145548,"T"
"TCGA-KN-8428-01A-11D-2310-10","1",44303969,"A"
"TCGA-KN-8428-01A-11D-2310-10","1",46493480,"T"
"TCGA-KN-8428-01A-11D-2310-10","14",73441651,"A"
"TCGA-KN-8428-01A-11D-2310-10","14",73570174,"A"
"TCGA-KN-8428-01A-11D-2310-10","14",75302098,"A"
"TCGA-KN-8428-01A-11D-2310-10","14",89307767,"G"
"TCGA-KN-8428-01A-11D-2310-10","14",93277911,"T"
"TCGA-KN-8428-01A-11D-2310-10","15",23889371,"T"
"TCGA-KN-8428-01A-11D-2310-10","15",28427617,"A"
"TCGA-KN-8428-01A-11D-2310-10","15",30010880,"A"
"TCGA-KN-8428-01A-11D-2310-10","15",42131115,"T"
"TCGA-KN-8428-01A-11D-2310-10","15",42193092,"T"
"TCGA-KN-8428-01A-11D-2310-10","15",43821457,"T"
"TCGA-KN-8428-01A-11D-2310-10","15",48703307,"G"
"TCGA-KN-8428-01A-11D-2310-10","15",49030737,"A"
"TCGA-KN-8428-01A-11D-2310-10","15",49304966,"T"
"TCGA-KN-8428-01A-11D-2310-10","15",63966709,"A"
"TCGA-KN-8428-01A-11D-2310-10","15",65157910,"T"
"TCGA-KN-8428-01A-11D-2310-10","15",67358664,"T"
"TCGA-KN-8428-01A-11D-2310-10","15",69548276,"T"
"TCGA-KN-8428-01A-11D-2310-10","1",57185885,"T"
"TCGA-KN-8428-01A-11D-2310-10","15",73615982,"T"
"TCGA-KN-8428-01A-11D-2310-10","15",74315583,"T"
"TCGA-KN-8428-01A-11D-2310-10","15",74327978,"T"
"TCGA-KN-8428-01A-11D-2310-10","15",75949418,"T"
"TCGA-KN-8428-01A-11D-2310-10","15",81295560,"T"
"TCGA-KN-8428-01A-11D-2310-10","15",81630237,"T"
"TCGA-KN-8428-01A-11D-2310-10","15",85403008,"A"
"TCGA-KN-8428-01A-11D-2310-10","15",88420245,"T"
"TCGA-KN-8428-01A-11D-2310-10","15",99454671,"A"
"TCGA-KN-8428-01A-11D-2310-10","16",1574679,"A"
"TCGA-KN-8428-01A-11D-2310-10","1",61818215,"T"
"TCGA-KN-8428-01A-11D-2310-10","16",19126839,"C"
"TCGA-KN-8428-01A-11D-2310-10","16",20360337,"T"
"TCGA-KN-8428-01A-11D-2310-10","16",2093638,"T"
"TCGA-KN-8428-01A-11D-2310-10","16",2226329,"A"
"TCGA-KN-8428-01A-11D-2310-10","16",23999859,"G"
"TCGA-KN-8428-01A-11D-2310-10","16",2580968,"T"
"TCGA-KN-8428-01A-11D-2310-10","1",62979274,"C"
"TCGA-KN-8428-01A-11D-2310-10","16",30748499,"T"
"TCGA-KN-8428-01A-11D-2310-10","16",31090347,"A"
"TCGA-KN-8428-01A-11D-2310-10","16",3334016,"T"
"TCGA-KN-8428-01A-11D-2310-10","16",4934370,"A"
"TCGA-KN-8428-01A-11D-2310-10","16",55360358,"T"
"TCGA-KN-8428-01A-11D-2310-10","16",57188284,"A"
"TCGA-KN-8428-01A-11D-2310-10","1",6646763,"A"
"TCGA-KN-8428-01A-11D-2310-10","16",727990,"A"
"TCGA-KN-8428-01A-11D-2310-10","16",89169104,"A"
"TCGA-KN-8428-01A-11D-2310-10","17",12896262,"T"
"TCGA-KN-8428-01A-11D-2310-10","17",18052173,"T"
"TCGA-KN-8428-01A-11D-2310-10","17",18923133,"T"
"TCGA-KN-8428-01A-11D-2310-10","17",29653046,"C"
"TCGA-KN-8428-01A-11D-2310-10","17",3649159,"A"
"TCGA-KN-8428-01A-11D-2310-10","17",38345215,"T"
"TCGA-KN-8428-01A-11D-2310-10","17",38512460,"T"
"TCGA-KN-8428-01A-11D-2310-10","17",4500239,"T"
"TCGA-KN-8428-01A-11D-2310-10","17",54985879,"T"
"TCGA-KN-8428-01A-11D-2310-10","17",56290442,"T"
"TCGA-KN-8428-01A-11D-2310-10","17",59445725,"T"
"TCGA-KN-8428-01A-11D-2310-10","17",65134098,"A"
"TCGA-KN-8428-01A-11D-2310-10","17",7228701,"A"
"TCGA-KN-8428-01A-11D-2310-10","17",74157965,"A"
"TCGA-KN-8428-01A-11D-2310-10","17",75471796,"T"
"TCGA-KN-8428-01A-11D-2310-10","17",7578263,"A"
"TCGA-KN-8428-01A-11D-2310-10","17",76071339,"T"
"TCGA-KN-8428-01A-11D-2310-10","17",7814222,"A"
"TCGA-KN-8428-01A-11D-2310-10","17",78320904,"T"
"TCGA-KN-8428-01A-11D-2310-10","17",79512906,"T"
"TCGA-KN-8428-01A-11D-2310-10","17",79663491,"A"
"TCGA-KN-8428-01A-11D-2310-10","1",78428480,"T"
"TCGA-KN-8428-01A-11D-2310-10","18",21474920,"T"
"TCGA-KN-8428-01A-11D-2310-10","18",2610781,"T"
"TCGA-KN-8428-01A-11D-2310-10","18",28972125,"T"
"TCGA-KN-8428-01A-11D-2310-10","18",44057528,"A"
"TCGA-KN-8428-01A-11D-2310-10","18",44561229,"T"
"TCGA-KN-8428-01A-11D-2310-10","18",46146071,"A"
"TCGA-KN-8428-01A-11D-2310-10","18",54591323,"A"
"TCGA-KN-8428-01A-11D-2310-10","18",77170445,"T"
"TCGA-KN-8428-01A-11D-2310-10","19",10398019,"A"
"TCGA-KN-8428-01A-11D-2310-10","19",10794618,"T"
"TCGA-KN-8428-01A-11D-2310-10","19",1116900,"A"
"TCGA-KN-8428-01A-11D-2310-10","19",11453630,"T"
"TCGA-KN-8428-01A-11D-2310-10","19",11568980,"T"
"TCGA-KN-8428-01A-11D-2310-10","19",12155144,"T"
"TCGA-KN-8428-01A-11D-2310-10","19",13186460,"T"
"TCGA-KN-8428-01A-11D-2310-10","19",14268815,"T"
"TCGA-KN-8428-01A-11D-2310-10","19",15063793,"T"
"TCGA-KN-8428-01A-11D-2310-10","19",15297722,"A"
"TCGA-KN-8428-01A-11D-2310-10","19",16976291,"A"
"TCGA-KN-8428-01A-11D-2310-10","1",91809065,"G"
"TCGA-KN-8428-01A-11D-2310-10","19",2249496,"T"
"TCGA-KN-8428-01A-11D-2310-10","19",2425067,"T"
"TCGA-KN-8428-01A-11D-2310-10","19",34984440,"A"
"TCGA-KN-8428-01A-11D-2310-10","19",35941487,"T"
"TCGA-KN-8428-01A-11D-2310-10","19",36120479,"A"
"TCGA-KN-8428-01A-11D-2310-10","19",36210898,"T"
"TCGA-KN-8428-01A-11D-2310-10","19",36255795,"T"
"TCGA-KN-8428-01A-11D-2310-10","19",36279135,"T"
"TCGA-KN-8428-01A-11D-2310-10","19",36349605,"A"
"TCGA-KN-8428-01A-11D-2310-10","19",38901988,"A"
"TCGA-KN-8428-01A-11D-2310-10","19",41072217,"A"
"TCGA-KN-8428-01A-11D-2310-10","19",41198899,"C"
"TCGA-KN-8428-01A-11D-2310-10","19",42600329,"A"
"TCGA-KN-8428-01A-11D-2310-10","19",42754628,"A"
"TCGA-KN-8428-01A-11D-2310-10","19",42861000,"A"
"TCGA-KN-8428-01A-11D-2310-10","19",43965542,"C"
"TCGA-KN-8428-01A-11D-2310-10","19",4511019,"T"
"TCGA-KN-8428-01A-11D-2310-10","19",48945611,"A"
"TCGA-KN-8428-01A-11D-2310-10","19",49002432,"A"
"TCGA-KN-8428-01A-11D-2310-10","19",49564657,"T"
"TCGA-KN-8428-01A-11D-2310-10","19",50305240,"A"
"TCGA-KN-8428-01A-11D-2310-10","19",50760714,"T"
"TCGA-KN-8428-01A-11D-2310-10","19",51646040,"A"
"TCGA-KN-8428-01A-11D-2310-10","19",52217097,"A"
"TCGA-KN-8428-01A-11D-2310-10","19",54696083,"C"
"TCGA-KN-8428-01A-11D-2310-10","19",5707746,"T"
"TCGA-KN-8428-01A-11D-2310-10","19",57765510,"G"
"TCGA-KN-8428-01A-11D-2310-10","19",579590,"G"
"TCGA-KN-8428-01A-11D-2310-10","19",7505040,"T"
"TCGA-KN-8428-01A-11D-2310-10","19",7606949,"T"
"TCGA-KN-8428-01A-11D-2310-10","19",8201286,"T"
"TCGA-KN-8428-01A-11D-2310-10","1",985016,"T"
"TCGA-KN-8428-01A-11D-2310-10","19",9967485,"A"
"TCGA-KN-8428-01A-11D-2310-10","20",16021924,"A"
"TCGA-KN-8428-01A-11D-2310-10","20",18022295,"A"
"TCGA-KN-8428-01A-11D-2310-10","20",21376975,"A"
"TCGA-KN-8428-01A-11D-2310-10","20",2560637,"T"
"TCGA-KN-8428-01A-11D-2310-10","20",30231238,"A"
"TCGA-KN-8428-01A-11D-2310-10","20",37353701,"A"
"TCGA-KN-8428-01A-11D-2310-10","20",39801085,"G"
"TCGA-KN-8428-01A-11D-2310-10","20",398443,"T"
"TCGA-KN-8428-01A-11D-2310-10","20",39980542,"T"
"TCGA-KN-8428-01A-11D-2310-10","20",420958,"A"
"TCGA-KN-8428-01A-11D-2310-10","20",44641958,"A"
"TCGA-KN-8428-01A-11D-2310-10","20",52601913,"A"
"TCGA-KN-8428-01A-11D-2310-10","20",52645320,"T"
"TCGA-KN-8428-01A-11D-2310-10","20",57769704,"T"
"TCGA-KN-8428-01A-11D-2310-10","20",60791451,"A"
"TCGA-KN-8428-01A-11D-2310-10","20",61429984,"A"
"TCGA-KN-8428-01A-11D-2310-10","20",61981545,"T"
"TCGA-KN-8428-01A-11D-2310-10","20",62065203,"T"
"TCGA-KN-8428-01A-11D-2310-10","20",62187191,"T"
"TCGA-KN-8428-01A-11D-2310-10","20",62571654,"A"
"TCGA-KN-8428-01A-11D-2310-10","20",826273,"T"
"TCGA-KN-8428-01A-11D-2310-10","2",100210166,"A"
"TCGA-KN-8428-01A-11D-2310-10","2",120438454,"A"
"TCGA-KN-8428-01A-11D-2310-10","2",179578856,"T"
"TCGA-KN-8428-01A-11D-2310-10","2",1896005,"A"
"TCGA-KN-8428-01A-11D-2310-10","2",210808138,"A"
"TCGA-KN-8428-01A-11D-2310-10","22",18912624,"T"
"TCGA-KN-8428-01A-11D-2310-10","22",19707904,"A"
"TCGA-KN-8428-01A-11D-2310-10","2",220379312,"A"
"TCGA-KN-8428-01A-11D-2310-10","2",220435086,"T"
"TCGA-KN-8428-01A-11D-2310-10","22",23230424,"A"
"TCGA-KN-8428-01A-11D-2310-10","22",23438268,"A"
"TCGA-KN-8428-01A-11D-2310-10","22",24176351,"T"
"TCGA-KN-8428-01A-11D-2310-10","22",24837116,"T"
"TCGA-KN-8428-01A-11D-2310-10","22",26422449,"T"
"TCGA-KN-8428-01A-11D-2310-10","22",26688611,"A"
"TCGA-KN-8428-01A-11D-2310-10","2",230127481,"A"
"TCGA-KN-8428-01A-11D-2310-10","22",31328607,"T"
"TCGA-KN-8428-01A-11D-2310-10","22",31851930,"T"
"TCGA-KN-8428-01A-11D-2310-10","22",36334942,"T"
"TCGA-KN-8428-01A-11D-2310-10","22",38522429,"T"
"TCGA-KN-8428-01A-11D-2310-10","22",38536030,"A"
"TCGA-KN-8428-01A-11D-2310-10","22",38875685,"T"
"TCGA-KN-8428-01A-11D-2310-10","2",239079272,"A"
"TCGA-KN-8428-01A-11D-2310-10","22",40717184,"T"
"TCGA-KN-8428-01A-11D-2310-10","22",42341239,"A"
"TCGA-KN-8428-01A-11D-2310-10","22",42475891,"T"
"TCGA-KN-8428-01A-11D-2310-10","22",42475902,"A"
"TCGA-KN-8428-01A-11D-2310-10","22",42607545,"T"
"TCGA-KN-8428-01A-11D-2310-10","22",43236982,"A"
"TCGA-KN-8428-01A-11D-2310-10","22",47189694,"A"
"TCGA-KN-8428-01A-11D-2310-10","22",50720400,"A"
"TCGA-KN-8428-01A-11D-2310-10","22",50726135,"A"
"TCGA-KN-8428-01A-11D-2310-10","2",32713733,"G"
"TCGA-KN-8428-01A-11D-2310-10","2",42720408,"A"
"TCGA-KN-8428-01A-11D-2310-10","2",73520376,"T"
"TCGA-KN-8428-01A-11D-2310-10","2",85533623,"T"
"TCGA-KN-8428-01A-11D-2310-10","2",86315989,"G"
"TCGA-KN-8428-01A-11D-2310-10","3",124515406,"T"
"TCGA-KN-8428-01A-11D-2310-10","3",142272665,"G"
"TCGA-KN-8428-01A-11D-2310-10","3",184038753,"A"
"TCGA-KN-8428-01A-11D-2310-10","3",184073265,"T"
"TCGA-KN-8428-01A-11D-2310-10","3",189526150,"T"
"TCGA-KN-8428-01A-11D-2310-10","3",194149621,"C"
"TCGA-KN-8428-01A-11D-2310-10","3",196792176,"T"
"TCGA-KN-8428-01A-11D-2310-10","3",30769804,"T"
"TCGA-KN-8428-01A-11D-2310-10","3",31617961,"A"
"TCGA-KN-8428-01A-11D-2310-10","3",36759593,"T"
"TCGA-KN-8428-01A-11D-2310-10","3",38316965,"T"
"TCGA-KN-8428-01A-11D-2310-10","3",44684294,"T"
"TCGA-KN-8428-01A-11D-2310-10","3",48626075,"A"
"TCGA-KN-8428-01A-11D-2310-10","3",49059935,"A"
"TCGA-KN-8428-01A-11D-2310-10","3",50005642,"T"
"TCGA-KN-8428-01A-11D-2310-10","3",52420183,"T"
"TCGA-KN-8428-01A-11D-2310-10","3",63981293,"A"
"TCGA-KN-8428-01A-11D-2310-10","3",71804265,"T"
"TCGA-KN-8428-01A-11D-2310-10","3",78666912,"A"
"TCGA-KN-8428-01A-11D-2310-10","3",88105046,"A"
"TCGA-KN-8428-01A-11D-2310-10","4",11401504,"A"
"TCGA-KN-8428-01A-11D-2310-10","4",119951253,"T"
"TCGA-KN-8428-01A-11D-2310-10","4",13592029,"A"
"TCGA-KN-8428-01A-11D-2310-10","4",141481158,"C"
"TCGA-KN-8428-01A-11D-2310-10","4",155254288,"A"
"TCGA-KN-8428-01A-11D-2310-10","4",155487081,"T"
"TCGA-KN-8428-01A-11D-2310-10","4",174254650,"T"
"TCGA-KN-8428-01A-11D-2310-10","4",2950032,"A"
"TCGA-KN-8428-01A-11D-2310-10","4",3446155,"A"
"TCGA-KN-8428-01A-11D-2310-10","4",57189672,"T"
"TCGA-KN-8428-01A-11D-2310-10","4",79236854,"T"
"TCGA-KN-8428-01A-11D-2310-10","4",82366931,"T"
"TCGA-KN-8428-01A-11D-2310-10","4",8607769,"T"
"TCGA-KN-8428-01A-11D-2310-10","4",983647,"T"
"TCGA-KN-8428-01A-11D-2310-10","5",114607065,"A"
"TCGA-KN-8428-01A-11D-2310-10","5",121188112,"A"
"TCGA-KN-8428-01A-11D-2310-10","5",140779700,"T"
"TCGA-KN-8428-01A-11D-2310-10","5",141233894,"A"
"TCGA-KN-8428-01A-11D-2310-10","5",142661564,"T"
"TCGA-KN-8428-01A-11D-2310-10","5",149404017,"A"
"TCGA-KN-8428-01A-11D-2310-10","5",161531032,"A"
"TCGA-KN-8428-01A-11D-2310-10","5",169931585,"T"
"TCGA-KN-8428-01A-11D-2310-10","5",178454554,"A"
"TCGA-KN-8428-01A-11D-2310-10","5",180052908,"T"
"TCGA-KN-8428-01A-11D-2310-10","5",34821933,"G"
"TCGA-KN-8428-01A-11D-2310-10","5",37036493,"A"
"TCGA-KN-8428-01A-11D-2310-10","5",38510729,"C"
"TCGA-KN-8428-01A-11D-2310-10","5",40681716,"T"
"TCGA-KN-8428-01A-11D-2310-10","5",43613077,"G"
"TCGA-KN-8428-01A-11D-2310-10","5",442635,"T"
"TCGA-KN-8428-01A-11D-2310-10","5",76645327,"T"
"TCGA-KN-8428-01A-11D-2310-10","5",87494939,"A"
"TCGA-KN-8428-01A-11D-2310-10","6",107000090,"G"
"TCGA-KN-8428-01A-11D-2310-10","6",109766433,"T"
"TCGA-KN-8428-01A-11D-2310-10","6",109769510,"A"
"TCGA-KN-8428-01A-11D-2310-10","6",13321234,"T"
"TCGA-KN-8428-01A-11D-2310-10","6",138655393,"A"
"TCGA-KN-8428-01A-11D-2310-10","6",147527114,"A"
"TCGA-KN-8428-01A-11D-2310-10","6",155764489,"A"
"TCGA-KN-8428-01A-11D-2310-10","6",26045706,"T"
"TCGA-KN-8428-01A-11D-2310-10","6",26108074,"T"
"TCGA-KN-8428-01A-11D-2310-10","6",29524017,"A"
"TCGA-KN-8428-01A-11D-2310-10","6",30864435,"T"
"TCGA-KN-8428-01A-11D-2310-10","6",37618098,"A"
"TCGA-KN-8428-01A-11D-2310-10","6",3850118,"T"
"TCGA-KN-8428-01A-11D-2310-10","6",42641562,"A"
"TCGA-KN-8428-01A-11D-2310-10","6",43164505,"C"
"TCGA-KN-8428-01A-11D-2310-10","6",43309889,"T"
"TCGA-KN-8428-01A-11D-2310-10","6",43323076,"A"
"TCGA-KN-8428-01A-11D-2310-10","6",43415467,"A"
"TCGA-KN-8428-01A-11D-2310-10","6",49494458,"T"
"TCGA-KN-8428-01A-11D-2310-10","6",7247005,"T"
"TCGA-KN-8428-01A-11D-2310-10","6",79711796,"A"
"TCGA-KN-8428-01A-11D-2310-10","6",86248557,"A"
"TCGA-KN-8428-01A-11D-2310-10","6",90333671,"C"
"TCGA-KN-8428-01A-11D-2310-10","6",90661558,"T"
"TCGA-KN-8428-01A-11D-2310-10","6",91261815,"A"
"TCGA-KN-8428-01A-11D-2310-10","7",100198383,"A"
"TCGA-KN-8428-01A-11D-2310-10","7",100484814,"T"
"TCGA-KN-8428-01A-11D-2310-10","7",101259535,"A"
"TCGA-KN-8428-01A-11D-2310-10","7",107717415,"T"
"TCGA-KN-8428-01A-11D-2310-10","7",111368531,"T"
"TCGA-KN-8428-01A-11D-2310-10","7",117407222,"C"
"TCGA-KN-8428-01A-11D-2310-10","7",123346348,"T"
"TCGA-KN-8428-01A-11D-2310-10","7",12396889,"G"
"TCGA-KN-8428-01A-11D-2310-10","7",135292055,"T"
"TCGA-KN-8428-01A-11D-2310-10","7",141619431,"T"
"TCGA-KN-8428-01A-11D-2310-10","7",141952190,"T"
"TCGA-KN-8428-01A-11D-2310-10","7",143807471,"T"
"TCGA-KN-8428-01A-11D-2310-10","7",150490188,"T"
"TCGA-KN-8428-01A-11D-2310-10","7",23724139,"T"
"TCGA-KN-8428-01A-11D-2310-10","7",43917672,"T"
"TCGA-KN-8428-01A-11D-2310-10","7",7472278,"A"
"TCGA-KN-8428-01A-11D-2310-10","7",97823453,"A"
"TCGA-KN-8428-01A-11D-2310-10","7",98576517,"T"
"TCGA-KN-8428-01A-11D-2310-10","7",99669271,"A"
"TCGA-KN-8428-01A-11D-2310-10","8",113657336,"G"
"TCGA-KN-8428-01A-11D-2310-10","8",116430676,"T"
"TCGA-KN-8428-01A-11D-2310-10","8",120606001,"T"
"TCGA-KN-8428-01A-11D-2310-10","8",120628543,"A"
"TCGA-KN-8428-01A-11D-2310-10","8",13424581,"G"
"TCGA-KN-8428-01A-11D-2310-10","8",135615108,"A"
"TCGA-KN-8428-01A-11D-2310-10","8",142178160,"T"
"TCGA-KN-8428-01A-11D-2310-10","8",143746611,"T"
"TCGA-KN-8428-01A-11D-2310-10","8",144942815,"A"
"TCGA-KN-8428-01A-11D-2310-10","8",145094825,"T"
"TCGA-KN-8428-01A-11D-2310-10","8",145138659,"T"
"TCGA-KN-8428-01A-11D-2310-10","8",145668062,"T"
"TCGA-KN-8428-01A-11D-2310-10","8",146015277,"A"
"TCGA-KN-8428-01A-11D-2310-10","8",19363316,"T"
"TCGA-KN-8428-01A-11D-2310-10","8",20110814,"T"
"TCGA-KN-8428-01A-11D-2310-10","8",21924625,"T"
"TCGA-KN-8428-01A-11D-2310-10","8",23153579,"A"
"TCGA-KN-8428-01A-11D-2310-10","8",25341585,"A"
"TCGA-KN-8428-01A-11D-2310-10","8",26513189,"T"
"TCGA-KN-8428-01A-11D-2310-10","8",30436512,"A"
"TCGA-KN-8428-01A-11D-2310-10","8",37706116,"T"
"TCGA-KN-8428-01A-11D-2310-10","8",42015607,"A"
"TCGA-KN-8428-01A-11D-2310-10","8",42296994,"A"
"TCGA-KN-8428-01A-11D-2310-10","8",42873507,"G"
"TCGA-KN-8428-01A-11D-2310-10","8",43052122,"A"
"TCGA-KN-8428-01A-11D-2310-10","8",54147439,"T"
"TCGA-KN-8428-01A-11D-2310-10","8",61766042,"G"
"TCGA-KN-8428-01A-11D-2310-10","8",77775707,"A"
"TCGA-KN-8428-01A-11D-2310-10","8",82571603,"A"
"TCGA-KN-8428-01A-11D-2310-10","8",91029431,"T"
"TCGA-KN-8428-01A-11D-2310-10","8",95541376,"A"
"TCGA-KN-8428-01A-11D-2310-10","9",122001025,"T"
"TCGA-KN-8428-01A-11D-2310-10","9",129642636,"T"
"TCGA-KN-8428-01A-11D-2310-10","9",129870870,"T"
"TCGA-KN-8428-01A-11D-2310-10","9",130569287,"A"
"TCGA-KN-8428-01A-11D-2310-10","9",130684387,"T"
"TCGA-KN-8428-01A-11D-2310-10","9",131023004,"A"
"TCGA-KN-8428-01A-11D-2310-10","9",131329101,"T"
"TCGA-KN-8428-01A-11D-2310-10","9",131849014,"A"
"TCGA-KN-8428-01A-11D-2310-10","9",134334701,"A"
"TCGA-KN-8428-01A-11D-2310-10","9",135073709,"A"
"TCGA-KN-8428-01A-11D-2310-10","9",137712006,"T"
"TCGA-KN-8428-01A-11D-2310-10","9",139908708,"A"
"TCGA-KN-8428-01A-11D-2310-10","9",140074818,"A"
"TCGA-KN-8428-01A-11D-2310-10","9",140355132,"A"
"TCGA-KN-8428-01A-11D-2310-10","9",140941360,"T"
"TCGA-KN-8428-01A-11D-2310-10","9",16552695,"T"
"TCGA-KN-8428-01A-11D-2310-10","9",27949033,"T"
"TCGA-KN-8428-01A-11D-2310-10","9",34661943,"G"
"TCGA-KN-8428-01A-11D-2310-10","9",35095327,"T"
"TCGA-KN-8428-01A-11D-2310-10","9",71668178,"C"
"TCGA-KN-8428-01A-11D-2310-10","9",8485823,"T"
"TCGA-KN-8428-01A-11D-2310-10","9",86571236,"A"
"TCGA-KN-8428-01A-11D-2310-10","9",91692802,"T"
"TCGA-KN-8428-01A-11D-2310-10","X",103294871,"A"
"TCGA-KN-8428-01A-11D-2310-10","X",117907851,"A"
"TCGA-KN-8428-01A-11D-2310-10","X",125299514,"A"
"TCGA-KN-8428-01A-11D-2310-10","X",13337345,"A"
"TCGA-KN-8428-01A-11D-2310-10","X",147011711,"A"
"TCGA-KN-8428-01A-11D-2310-10","X",1506261,"A"
"TCGA-KN-8428-01A-11D-2310-10","X",152915503,"A"
"TCGA-KN-8428-01A-11D-2310-10","X",5827148,"A"
"TCGA-KN-8428-01A-11D-2310-10","X",70080718,"A"
"TCGA-KN-8428-01A-11D-2310-10","X",71360545,"T"
"TCGA-KN-8429-01A-11D-2310-10","10",35320289,"T"
"TCGA-KN-8429-01A-11D-2310-10","12",113333605,"G"
"TCGA-KN-8429-01A-11D-2310-10","13",103393537,"A"
"TCGA-KN-8429-01A-11D-2310-10","15",79324635,"A"
"TCGA-KN-8429-01A-11D-2310-10","16",19318972,"A"
"TCGA-KN-8429-01A-11D-2310-10","17",43910515,"A"
"TCGA-KN-8429-01A-11D-2310-10","22",28194900,"C"
"TCGA-KN-8429-01A-11D-2310-10","3",13544436,"G"
"TCGA-KN-8429-01A-11D-2310-10","3",169540071,"A"
"TCGA-KN-8429-01A-11D-2310-10","4",25005583,"T"
"TCGA-KN-8430-01A-11D-2310-10","1",175129933,"C"
"TCGA-KN-8430-01A-11D-2310-10","11",9610060,"T"
"TCGA-KN-8430-01A-11D-2310-10","12",12871758,"C"
"TCGA-KN-8430-01A-11D-2310-10","13",21742126,"A"
"TCGA-KN-8430-01A-11D-2310-10","16",58031971,"C"
"TCGA-KN-8430-01A-11D-2310-10","19",31768447,"G"
"TCGA-KN-8430-01A-11D-2310-10","19",38127148,"A"
"TCGA-KN-8430-01A-11D-2310-10","19",55870550,"T"
"TCGA-KN-8430-01A-11D-2310-10","20",61926524,"T"
"TCGA-KN-8430-01A-11D-2310-10","2",131486934,"A"
"TCGA-KN-8430-01A-11D-2310-10","2",171709233,"C"
"TCGA-KN-8430-01A-11D-2310-10","22",19175230,"A"
"TCGA-KN-8430-01A-11D-2310-10","22",29517360,"T"
"TCGA-KN-8430-01A-11D-2310-10","2",3743874,"A"
"TCGA-KN-8430-01A-11D-2310-10","3",10107113,"A"
"TCGA-KN-8430-01A-11D-2310-10","3",16630168,"G"
"TCGA-KN-8430-01A-11D-2310-10","4",123265699,"T"
"TCGA-KN-8430-01A-11D-2310-10","4",57181970,"A"
"TCGA-KN-8430-01A-11D-2310-10","8",117954928,"A"
"TCGA-KN-8430-01A-11D-2310-10","8",92378833,"C"
"TCGA-KN-8431-01A-11D-2310-10","21",41684190,"A"
"TCGA-KN-8431-01A-11D-2310-10","4",156136035,"A"
"TCGA-KN-8431-01A-11D-2310-10","5",61653554,"T"
"TCGA-KN-8431-01A-11D-2310-10","6",39159435,"T"
"TCGA-KN-8431-01A-11D-2310-10","6",56480802,"T"
"TCGA-KN-8431-01A-11D-2310-10","7",105182935,"C"
"TCGA-KN-8432-01A-11D-2310-10","1",154965424,"G"
"TCGA-KN-8432-01A-11D-2310-10","1",155932493,"A"
"TCGA-KN-8432-01A-11D-2310-10","11",5809593,"A"
"TCGA-KN-8432-01A-11D-2310-10","1",223465989,"A"
"TCGA-KN-8432-01A-11D-2310-10","13",33016882,"C"
"TCGA-KN-8432-01A-11D-2310-10","14",64727212,"T"
"TCGA-KN-8432-01A-11D-2310-10","15",73995325,"T"
"TCGA-KN-8432-01A-11D-2310-10","16",18806888,"T"
"TCGA-KN-8432-01A-11D-2310-10","1",62380292,"G"
"TCGA-KN-8432-01A-11D-2310-10","16",89838101,"T"
"TCGA-KN-8432-01A-11D-2310-10","17",27028052,"T"
"TCGA-KN-8432-01A-11D-2310-10","17",62021160,"A"
"TCGA-KN-8432-01A-11D-2310-10","19",36632120,"T"
"TCGA-KN-8432-01A-11D-2310-10","19",44276195,"T"
"TCGA-KN-8432-01A-11D-2310-10","19",55285024,"C"
"TCGA-KN-8432-01A-11D-2310-10","20",46313215,"T"
"TCGA-KN-8432-01A-11D-2310-10","21",45993747,"A"
"TCGA-KN-8432-01A-11D-2310-10","2",219513452,"G"
"TCGA-KN-8432-01A-11D-2310-10","2",233274094,"T"
"TCGA-KN-8432-01A-11D-2310-10","22",41863526,"A"
"TCGA-KN-8432-01A-11D-2310-10","2",38818735,"A"
"TCGA-KN-8432-01A-11D-2310-10","2",38978394,"A"
"TCGA-KN-8432-01A-11D-2310-10","5",139928655,"G"
"TCGA-KN-8432-01A-11D-2310-10","6",73787542,"T"
"TCGA-KN-8432-01A-11D-2310-10","7",17369578,"A"
"TCGA-KN-8432-01A-11D-2310-10","7",50444370,"T"
"TCGA-KN-8432-01A-11D-2310-10","7",74563945,"A"
"TCGA-KN-8432-01A-11D-2310-10","9",110068852,"T"
"TCGA-KN-8432-01A-11D-2310-10","9",84303155,"A"
"TCGA-KN-8432-01A-11D-2310-10","X",24075766,"G"
"TCGA-KN-8432-01A-11D-2310-10","X",54837700,"A"
"TCGA-KN-8433-01A-11D-2310-10","10",101969426,"A"
"TCGA-KN-8433-01A-11D-2310-10","1",62675664,"A"
"TCGA-KN-8433-01A-11D-2310-10","17",3917706,"A"
"TCGA-KN-8433-01A-11D-2310-10","17",7579699,"A"
"TCGA-KN-8433-01A-11D-2310-10","19",12917591,"T"
"TCGA-KN-8433-01A-11D-2310-10","19",13397774,"T"
"TCGA-KN-8433-01A-11D-2310-10","6",45405707,"G"
"TCGA-KN-8433-01A-11D-2310-10","8",87410805,"C"
"TCGA-KN-8433-01A-11D-2310-10","9",123783821,"C"
"TCGA-KN-8433-01A-11D-2310-10","X",120182071,"T"
"TCGA-KN-8434-01A-11D-2310-10","11",119024755,"A"
"TCGA-KN-8434-01A-11D-2310-10","11",64600192,"A"
"TCGA-KN-8434-01A-11D-2310-10","17",39274432,"T"
"TCGA-KN-8434-01A-11D-2310-10","17",7534020,"T"
"TCGA-KN-8434-01A-11D-2310-10","17",7578507,"C"
"TCGA-KN-8434-01A-11D-2310-10","19",14024412,"C"
"TCGA-KN-8434-01A-11D-2310-10","3",17413592,"T"
"TCGA-KN-8434-01A-11D-2310-10","5",169533097,"T"
"TCGA-KN-8434-01A-11D-2310-10","7",82544701,"T"
"TCGA-KN-8434-01A-11D-2310-10","9",35044753,"A"
"TCGA-KN-8434-01A-11D-2310-10","X",130409464,"A"
"TCGA-KN-8434-01A-11D-2310-10","X",48418349,"A"
"TCGA-KN-8435-01A-11D-2310-10","11",108126988,"T"
"TCGA-KN-8435-01A-11D-2310-10","1",161677131,"C"
"TCGA-KN-8435-01A-11D-2310-10","11",6816462,"G"
"TCGA-KN-8435-01A-11D-2310-10","12",40707951,"A"
"TCGA-KN-8435-01A-11D-2310-10","12",48379322,"A"
"TCGA-KN-8435-01A-11D-2310-10","14",103802243,"C"
"TCGA-KN-8435-01A-11D-2310-10","15",74467546,"T"
"TCGA-KN-8435-01A-11D-2310-10","17",28656457,"C"
"TCGA-KN-8435-01A-11D-2310-10","20",5099481,"G"
"TCGA-KN-8435-01A-11D-2310-10","2",189873717,"A"
"TCGA-KN-8435-01A-11D-2310-10","3",111710501,"A"
"TCGA-KN-8435-01A-11D-2310-10","3",33686372,"T"
"TCGA-KN-8435-01A-11D-2310-10","6",74520746,"C"
"TCGA-KN-8435-01A-11D-2310-10","7",27204514,"C"
"TCGA-KN-8435-01A-11D-2310-10","9",95991992,"G"
"TCGA-KN-8436-01A-11D-2310-10","10",43882268,"A"
"TCGA-KN-8436-01A-11D-2310-10","12",31540710,"A"
"TCGA-KN-8436-01A-11D-2310-10","12",32136955,"A"
"TCGA-KN-8436-01A-11D-2310-10","17",7574015,"T"
"TCGA-KN-8436-01A-11D-2310-10","18",2703826,"A"
"TCGA-KN-8436-01A-11D-2310-10","4",146044440,"G"
"TCGA-KN-8436-01A-11D-2310-10","9",138641963,"A"
"TCGA-KN-8437-01A-11D-2310-10","10",72293731,"G"
"TCGA-KN-8437-01A-11D-2310-10","10",74034518,"A"
"TCGA-KN-8437-01A-11D-2310-10","1",11174395,"C"
"TCGA-KN-8437-01A-11D-2310-10","16",31073370,"G"
"TCGA-KN-8437-01A-11D-2310-10","18",22930911,"A"
"TCGA-KN-8437-01A-11D-2310-10","22",18900771,"T"
"TCGA-KO-8403-01A-11D-2310-10","11",1075670,"T"
"TCGA-KO-8403-01A-11D-2310-10","11",117307845,"A"
"TCGA-KO-8403-01A-11D-2310-10","14",61186805,"A"
"TCGA-KO-8403-01A-11D-2310-10","19",58004570,"C"
"TCGA-KO-8403-01A-11D-2310-10","19",58868487,"T"
"TCGA-KO-8403-01A-11D-2310-10","19",9869291,"C"
"TCGA-KO-8403-01A-11D-2310-10","2",166900204,"T"
"TCGA-KO-8403-01A-11D-2310-10","22",21982830,"T"
"TCGA-KO-8403-01A-11D-2310-10","22",32797733,"A"
"TCGA-KO-8403-01A-11D-2310-10","9",88897335,"A"
"TCGA-KO-8404-01A-11D-2310-10","1",10527276,"C"
"TCGA-KO-8404-01A-11D-2310-10","1",1223338,"A"
"TCGA-KO-8404-01A-11D-2310-10","1",1389871,"T"
"TCGA-KO-8404-01A-11D-2310-10","11",5410780,"A"
"TCGA-KO-8404-01A-11D-2310-10","11",6048328,"C"
"TCGA-KO-8404-01A-11D-2310-10","1",172037991,"A"
"TCGA-KO-8404-01A-11D-2310-10","12",111160464,"T"
"TCGA-KO-8404-01A-11D-2310-10","12",25147251,"T"
"TCGA-KO-8404-01A-11D-2310-10","12",53189775,"T"
"TCGA-KO-8404-01A-11D-2310-10","16",20497990,"A"
"TCGA-KO-8404-01A-11D-2310-10","16",2512477,"A"
"TCGA-KO-8404-01A-11D-2310-10","16",4029168,"A"
"TCGA-KO-8404-01A-11D-2310-10","17",5012951,"T"
"TCGA-KO-8404-01A-11D-2310-10","17",71375627,"A"
"TCGA-KO-8404-01A-11D-2310-10","17",7577609,"T"
"TCGA-KO-8404-01A-11D-2310-10","19",17972198,"A"
"TCGA-KO-8404-01A-11D-2310-10","19",18507174,"T"
"TCGA-KO-8404-01A-11D-2310-10","1",94639723,"T"
"TCGA-KO-8404-01A-11D-2310-10","20",56087702,"G"
"TCGA-KO-8404-01A-11D-2310-10","2",44139675,"T"
"TCGA-KO-8404-01A-11D-2310-10","3",121659851,"A"
"TCGA-KO-8404-01A-11D-2310-10","3",130098678,"C"
"TCGA-KO-8404-01A-11D-2310-10","4",91229575,"T"
"TCGA-KO-8404-01A-11D-2310-10","5",151202298,"C"
"TCGA-KO-8404-01A-11D-2310-10","6",28542931,"T"
"TCGA-KO-8404-01A-11D-2310-10","6",33405554,"C"
"TCGA-KO-8404-01A-11D-2310-10","7",157041099,"T"
"TCGA-KO-8404-01A-11D-2310-10","7",97820153,"T"
"TCGA-KO-8404-01A-11D-2310-10","8",2836315,"T"
"TCGA-KO-8405-01A-11D-2310-10","15",42720229,"A"
"TCGA-KO-8405-01A-11D-2310-10","17",43523003,"G"
"TCGA-KO-8405-01A-11D-2310-10","1",8923329,"A"
"TCGA-KO-8405-01A-11D-2310-10","19",38028153,"G"
"TCGA-KO-8405-01A-11D-2310-10","3",46399846,"A"
"TCGA-KO-8405-01A-11D-2310-10","4",153247276,"C"
"TCGA-KO-8405-01A-11D-2310-10","9",90500243,"G"
"TCGA-KO-8405-01A-11D-2310-10","X",19983778,"A"
"TCGA-KO-8406-01A-11D-2310-10","11",66033395,"A"
"TCGA-KO-8406-01A-11D-2310-10","12",9315213,"A"
"TCGA-KO-8406-01A-11D-2310-10","19",34895578,"T"
"TCGA-KO-8406-01A-11D-2310-10","3",195256683,"T"
"TCGA-KO-8406-01A-11D-2310-10","9",139262146,"T"
"TCGA-KO-8407-01A-11D-2310-10","1",1268041,"T"
"TCGA-KO-8407-01A-11D-2310-10","11",32954825,"T"
"TCGA-KO-8407-01A-11D-2310-10","1",17331882,"G"
"TCGA-KO-8407-01A-11D-2310-10","15",44881589,"A"
"TCGA-KO-8407-01A-11D-2310-10","19",55107718,"T"
"TCGA-KO-8407-01A-11D-2310-10","2",105956200,"A"
"TCGA-KO-8407-01A-11D-2310-10","22",41368482,"G"
"TCGA-KO-8407-01A-11D-2310-10","3",156866283,"C"
"TCGA-KO-8407-01A-11D-2310-10","3",38040486,"T"
"TCGA-KO-8407-01A-11D-2310-10","6",159173001,"A"
"TCGA-KO-8407-01A-11D-2310-10","6",159173011,"A"
"TCGA-KO-8407-01A-11D-2310-10","X",102967204,"C"
"TCGA-KO-8408-01A-11D-2310-10","10",89693003,"T"
"TCGA-KO-8408-01A-11D-2310-10","10",98743653,"G"
"TCGA-KO-8408-01A-11D-2310-10","11",102098274,"A"
"TCGA-KO-8408-01A-11D-2310-10","11",60886402,"G"
"TCGA-KO-8408-01A-11D-2310-10","1",214171243,"A"
"TCGA-KO-8408-01A-11D-2310-10","12",77419483,"A"
"TCGA-KO-8408-01A-11D-2310-10","12",88465166,"G"
"TCGA-KO-8408-01A-11D-2310-10","1",3328864,"C"
"TCGA-KO-8408-01A-11D-2310-10","14",45513838,"T"
"TCGA-KO-8408-01A-11D-2310-10","14",52458098,"C"
"TCGA-KO-8408-01A-11D-2310-10","14",91044471,"A"
"TCGA-KO-8408-01A-11D-2310-10","15",41501706,"T"
"TCGA-KO-8408-01A-11D-2310-10","16",53493465,"T"
"TCGA-KO-8408-01A-11D-2310-10","17",39623194,"A"
"TCGA-KO-8408-01A-11D-2310-10","17",40049426,"C"
"TCGA-KO-8408-01A-11D-2310-10","19",17088187,"A"
"TCGA-KO-8408-01A-11D-2310-10","19",38946146,"G"
"TCGA-KO-8408-01A-11D-2310-10","19",39398202,"A"
"TCGA-KO-8408-01A-11D-2310-10","19",44418134,"C"
"TCGA-KO-8408-01A-11D-2310-10","19",54744177,"A"
"TCGA-KO-8408-01A-11D-2310-10","20",30408125,"T"
"TCGA-KO-8408-01A-11D-2310-10","20",31657702,"A"
"TCGA-KO-8408-01A-11D-2310-10","20",61513562,"C"
"TCGA-KO-8408-01A-11D-2310-10","22",19363305,"C"
"TCGA-KO-8408-01A-11D-2310-10","3",105464866,"C"
"TCGA-KO-8408-01A-11D-2310-10","3",48694702,"A"
"TCGA-KO-8408-01A-11D-2310-10","4",79301068,"T"
"TCGA-KO-8408-01A-11D-2310-10","5",149677902,"A"
"TCGA-KO-8408-01A-11D-2310-10","8",22052331,"G"
"TCGA-KO-8408-01A-11D-2310-10","8",90802425,"A"
"TCGA-KO-8408-01A-11D-2310-10","X",77275864,"C"
"TCGA-KO-8409-01A-11D-2310-10","14",104205041,"T"
"TCGA-KO-8409-01A-11D-2310-10","16",23546345,"A"
"TCGA-KO-8409-01A-11D-2310-10","19",58472845,"G"
"TCGA-KO-8409-01A-11D-2310-10","3",150127405,"T"
"TCGA-KO-8409-01A-11D-2310-10","6",17507412,"A"
"TCGA-KO-8409-01A-11D-2310-10","6",29012270,"A"
"TCGA-KO-8409-01A-11D-2310-10","8",42294728,"T"
"TCGA-KO-8410-01A-11D-2310-10","10",102762597,"T"
"TCGA-KO-8410-01A-11D-2310-10","1",115220103,"C"
"TCGA-KO-8410-01A-11D-2310-10","20",34611599,"A"
"TCGA-KO-8410-01A-11D-2310-10","2",242076636,"A"
"TCGA-KO-8410-01A-11D-2310-10","5",36136550,"T"
"TCGA-KO-8410-01A-11D-2310-10","8",67357454,"G"
"TCGA-KO-8410-01A-11D-2310-10","9",107367862,"T"
"TCGA-KO-8411-01A-11D-2310-10","11",1092845,"T"
"TCGA-KO-8411-01A-11D-2310-10","12",10205356,"T"
"TCGA-KO-8411-01A-11D-2310-10","12",58152575,"T"
"TCGA-KO-8411-01A-11D-2310-10","14",57675499,"C"
"TCGA-KO-8411-01A-11D-2310-10","1",68697908,"C"
"TCGA-KO-8411-01A-11D-2310-10","17",65960371,"T"
"TCGA-KO-8411-01A-11D-2310-10","18",55143925,"A"
"TCGA-KO-8411-01A-11D-2310-10","21",28216883,"T"
"TCGA-KO-8411-01A-11D-2310-10","2",29274925,"T"
"TCGA-KO-8411-01A-11D-2310-10","7",47968829,"T"
"TCGA-KO-8411-01A-11D-2310-10","8",94934838,"A"
"TCGA-KO-8413-01A-11D-2310-10","11",76924024,"T"
"TCGA-KO-8413-01A-11D-2310-10","12",11546874,"C"
"TCGA-KO-8413-01A-11D-2310-10","16",18849726,"T"
"TCGA-KO-8413-01A-11D-2310-10","19",53057816,"T"
"TCGA-KO-8413-01A-11D-2310-10","7",100780310,"T"
"TCGA-KO-8414-01A-11D-2310-10","11",125359542,"A"
"TCGA-KO-8414-01A-11D-2310-10","11",74800084,"A"
"TCGA-KO-8414-01A-11D-2310-10","17",7577543,"A"
"TCGA-KO-8414-01A-11D-2310-10","20",24646034,"A"
"TCGA-KO-8414-01A-11D-2310-10","4",15640143,"C"
"TCGA-KO-8415-01A-11D-2310-10","1",155224214,"T"
"TCGA-KO-8415-01A-11D-2310-10","1",190067565,"A"
"TCGA-KO-8415-01A-11D-2310-10","12",122260719,"T"
"TCGA-KO-8415-01A-11D-2310-10","12",13828724,"T"
"TCGA-KO-8415-01A-11D-2310-10","12",56335069,"A"
"TCGA-KO-8415-01A-11D-2310-10","13",111367954,"T"
"TCGA-KO-8415-01A-11D-2310-10","14",100595075,"T"
"TCGA-KO-8415-01A-11D-2310-10","16",19310063,"T"
"TCGA-KO-8415-01A-11D-2310-10","17",39535652,"A"
"TCGA-KO-8415-01A-11D-2310-10","17",79899490,"T"
"TCGA-KO-8415-01A-11D-2310-10","19",16982119,"A"
"TCGA-KO-8415-01A-11D-2310-10","5",140736273,"T"
"TCGA-KO-8415-01A-11D-2310-10","5",170725856,"A"
"TCGA-KO-8415-01A-11D-2310-10","5",89981756,"A"
"TCGA-KO-8415-01A-11D-2310-10","8",141856698,"T"
"TCGA-KO-8415-01A-11D-2310-10","8",3263582,"T"
"TCGA-KO-8415-01A-11D-2310-10","X",2827911,"G"
"TCGA-KO-8416-01A-11D-2310-10","12",9885606,"A"
"TCGA-KO-8416-01A-11D-2310-10","15",23890897,"T"
"TCGA-KO-8416-01A-11D-2310-10","17",7578208,"A"
"TCGA-KO-8416-01A-11D-2310-10","19",52919685,"T"
"TCGA-KO-8416-01A-11D-2310-10","20",2306576,"C"
"TCGA-KO-8416-01A-11D-2310-10","4",69195975,"A"
"TCGA-KO-8417-01A-11D-2310-10","14",59793702,"T"
"TCGA-KO-8417-01A-11D-2310-10","14",75265325,"T"
"TCGA-KO-8417-01A-11D-2310-10","19",8994179,"T"
"TCGA-KO-8417-01A-11D-2310-10","5",178580530,"A"
"TCGA-KO-8417-01A-11D-2310-10","7",94827677,"A"
"TCGA-KO-8417-01A-11D-2310-10","9",127915854,"A"
"TCGA-KO-8417-01A-11D-2310-10","9",129595572,"A"
"TCGA-KO-8417-01A-11D-2310-10","X",83361951,"G"
